segment_ID,unclassified,bare_ground,water,clouds,sparse_grassland,open_grassland,dense_grassland,closed_grassland,sparse_shrubbed_grassland,open_shrubbed_grassland,dense_shrubbed_grassland,closed_shrubbed_grassland,open_treed_grassland,dense_treed_grassland,closed_treed_grassland,dense_shrubland,open_grassed_shrubland,dense_grassed_shrubland,closed_grassed_shrubland,open_treed_shrubland,dense_treed_shrubland,closed_treed_shrubland,dense_forest,open_grassed_woodland,dense_grassed_woodland,closed_grassed_woodland,dense_shrubbed_forest,closed_shrubbed_forest
10_1,0,0,0,0,0,6.28896607707899,0.499483673593356,13.4341504359783,0,0,1.63319288518779,0,64.7244142318334,2.73459718256971,0,0,2.80555754968607,0,0.911164247019389,0,0,0.120660235135598,0,6.84781348191755,0,0,0,0
10_2,0,0,0,0,0,9.58841678152482,0.0392220770575708,17.9366425349615,0,0,0,0,56.1635284401511,3.98877475203084,0,0,0,0,0,0,0,0.3314541723175,0,11.9519612419589,0,0,0,0
10_3,0,0,0,0,0,0.333225960523831,1.36067267213898,3.60106188006086,0,0,0.360994790567484,0.706161348010086,14.2940052649701,8.03241177842694,0,0,0,0,0,0,15.6235768474603,0.416532450654789,0,42.394950515944,0,3.34253407235446,9.5338724188872,0
10_4,0,0,0,0,0,2.43717210974953,0.279204045108205,0.946222508871708,0,0,0.00223363236086564,6.18073994656037,7.00802153221597,26.0536462652269,0,0,0,0,1.34939315000796,0,2.00245141151605,0.418806067662308,0,45.8578683887985,0,3.24435100415736,4.21988993776543,0
101_1,0,0,0,0,0,0,17.8691358570184,55.2781429155307,0,0,0,26.3399021308093,0.512819096643065,0,0,0,0,0,0,0,0,0,0,0,0,0,0,0
101_2,0,0,0,0,0,20.8149907481567,10.2667845010909,68.4512137866241,0,0,0,0.0549587119224502,0.412052252202491,0,0,0,0,0,0,0,0,0,0,0,0,0,0,0
101_3,0,0,0,0,0,30.9620207019208,6.90404648542356,62.1339328126548,0,0,0,0,0,0,0,0,0,0,0,0,0,0,0,0,0,0,0,0
101_4,0,0,0,0,0,12.3632506022499,37.9909165248514,36.8557583928207,0,0,0,12.7900744800761,0,0,0,0,0,0,0,0,0,0,0,0,0,0,0,0
101_5,0,0,0,0,0,14.3702087103059,7.6563946019863,55.7255134881273,0,0,0,22.2478831995805,0,0,0,0,0,0,0,0,0,0,0,0,0,0,0,0
101_6,0,0,0,0,0,12.376204435614,9.33563301052526,38.8960330568446,0,0,0,0,2.40430031508828,2.36194318659687,5.35101565690118,0,0,16.5083099201003,0,0,0,0,0,12.7665604183299,0,0,0,0
102_1,0,0,0,0,0,1.39391897582751,25.1222662062377,56.3828293888104,0,0,12.2372890872849,1.56686038350319,1.78359864117466,1.15107105758163,0,0,0,0,0,0,0,0,0,0.17546814902159,0,0,0.186698110558971,0
102_10,0,0,0,0,0,2.02332008934858,12.7219563914881,35.9097899645752,0,0,0,1.40815126305646,44.56577861101,0.597774016572008,0,0,0,0,0,0,0,0.0474905916168061,0,2.72573907233204,0,0,0,0
102_11,0,0,0,0,0,4.35006963440551,37.0546588468987,18.3965221637155,0,0,7.25473985584848,1.02648326832273,6.28374216959725,13.3331853717811,0,0,0,0.610341402786486,0,0,0,0.516293341175296,0,11.1739639454688,0,0,0,0
102_12,0,0,0,0,0,4.64274281677393,31.2148841521966,25.8838983144389,0,0,1.79787621560165,2.4955018599671,0.0413939266830771,18.5742827812302,0,0,0,0.242844369874052,0,0,1.71812391685892,0.622288697802259,0,10.222920093164,0,2.54324285540825,0,0
102_13,0,0,0,0,0,0.442861215598679,17.4703213788484,32.1207239673725,0,0,0,4.10034127992426,7.78771447630278,6.98807319388741,0,0,0,0.691970649372936,0,0,0,3.65360502868909,0,24.0041850384872,0,2.74020377151682,0,0
102_14,0,0,0,0,0,0,6.84205422245388,24.3143399176902,0,0,0.96947032190415,4.01061901846811,19.6145756938424,6.00168498124092,0,0,0,2.89325825671113,0,0,0,6.45050822185988,0,28.9034893658285,0,0,0,0
102_15,0,0,0,0,0,0,5.8846737481032,74.6337425851816,0,0,0.882880397296179,0,10.471513312181,0.0714581321561595,0,0,0,2.7912815560767,0,0,0,0,0,5.26445026900263,0,0,0,0
102_16,0,0,0,0,0,6.31919060591618,11.8304745797261,70.0925800951404,0,0,0,10.9187217831792,0.506559937416847,0,0,0,0,0.332472998619975,0,0,0,0,0,0,0,0,0,0
102_17,0,0,0,0,0,3.51671232271462,6.44854857950777,82.44129147705,0,0,0,1.72093845270181,3.94860380859806,1.06785446030133,0,0,0,0.856050899129589,0,0,0,0,0,0,0,0,0,0
102_18,0,0,0,0,0,3.5396205403289702,0,42.7207749070372,0,0,0,2.79095537503549,50.0599538562046,0.888695321394017,0,0,0,0,0,0,0,0,0,0,0,0,0,0
102_19,0,0,0,0,0,2.17263183405488,0.24786014078456,60.7326194961271,0,0,0,0.659032574330502,35.5819756105627,0,0,0,0,0,0,0,0,0,0,0.605880344140036,0,0,0,0
102_2,0,0,0,0,0,1.04923971537992,4.3248004373673,90.4878136329329,0,0,0.118177525837528,0.0237459514533351,1.93778008487797,1.76410330041114,0,0,0,0,0,0,0.0179475214472881,0,0,0,0,0,0.276391830288237,0
102_20,0,0,0,0,0,2.73340550427378,2.8587405344506,77.4644861126003,0,0,0,0,14.8774058127908,1.00929131992937,0,0,0,0,0,0,0,0,0,1.05667071595226,0,0,0,0
102_3,0,0,0,0,0,5.3418095931837,26.4082952563849,43.2195439595598,0,0,2.33538617751584,0.827759751009866,0,3.3808467430413,0,0,0,0,0,0,7.52212877734371,2.75919917003289e-4,0,0.18872922323025,0,2.67062887667483,8.10459572213766,0
102_4,0,0,0,0,0,0.0706794409089265,16.8798644290411,3.26600235412626,0,0,2.53360751762116,0.369536604437222,0,6.11404990413752,0,0,0,0,0,0,12.9034502141255,4.12222534497967,0,14.6785059367949,0,28.7451060052482,10.3169722485802,0
102_5,0,0,0,0,0,7.41121420240306,6.35844555939415,7.73978883677374,0,0,0.0720315387321895,0,3.23310791155636,23.8551833618226,0,0,0,0,0,0,0,12.7700836396982,0,31.5780724914322,0,6.5942103265522,0.387862131634867,0
102_6,0,0,0,0,0,8.47092425326416,7.71776068681809,19.8259479520658,0,0,3.21806251117868,2.15860311214452,8.09532060454301,33.8398206939733,0,0,0.00586880701126811,0,0,0,0,8.35606331604363,0,5.81486988016455,0,0.530987301019496,1.96577088177428,0
102_7,0,0,0,0,0,0.575361572821015,4.71995749132393,34.8936452850236,0,0,2.27736911146904,3.15494080334757,15.6579158571753,26.250214480625,0,0,0,0,0,0,0,3.64257288190006,0,8.15607547503998,0,0.636523144535033,0.035423896739341,0
102_8,0,0,0,0,0,1.09084706250266,4.63915620691124,7.25696171942743,0,0,11.2027178780083,3.11873658474178,21.8109710159347,21.4140925954881,0,0,0,1.30776556880695,0,0,0,14.5096589859132,0,13.4532118438074,0,0.195880538458258,0,0
102_9,0,0,0,0,0,1.3688351888101,6.63458689916193,7.11910582723994,0,0,10.5539297253747,1.32176763579681,55.4569290359708,3.69840219500917,0,0,0,1.09916579683983,0,0,0,8.95363292292276,0,3.79364477287137,0,0,0,0
103_1,0,0,0,0,0,2.48010221295472,6.73427397275429,52.3241278989395,0,0,6.17425981338395,7.41375781945697,7.73732155598206,14.8584892615555,0,0,0,0,0,0,0,0.00276550202158198,0,2.17230183795264,0,0.102600125000691,0,0
104_1,0,0,0,0,0.433305037028145,11.3756863283115,72.2504708905344,2.60183097102058,0,0,0.86689589532082,0,4.64373808482603,0,0.514478276154789,0,0.315546676041604,2.76789312571276,0,0,0,0,0,4.23015471505048,0,0,0,0
110_1,0,0,0,0,0,0.149527048424183,7.44358314172026,58.6501259827333,0,0,2.96272838673258,3.51319720772695,9.99600710460014,2.16552616723348,0,0,0,0,0,0,0,4.41724380068568,0,10.7020611601427,0,0,0,0
114_1,0,0,0,0,0,10.3325514234816,54.916350398886,15.2760104893943,0,0,0,0,16.5053055534039,0.180355621452361,0,0,0,0,0,0,0,0,0,2.78942651338283,0,0,0,0
114_2,0,0,0,0,0,0.248820177657607,64.8359030928366,28.6046440903831,0,0,0,0,1.07628550180118,4.14645002723199,0,0,0,0.884141031276696,0,0,0,0,0,0.203756078815174,0,0,0,0
115_1,0,0,0,0,0,1.63365826343018,7.28014286152073,9.65513206611531,0,0,5.45592827950488,3.36343045948031,67.7959821590261,0.0103078710346038,0,0,0,0,0,0,0,1.84148723077652,0,2.96393080911216,0,0,0,0
115_2,0,0,0,0,0,2.00859791496378,15.1222315522835,23.037223224971,0,0,3.61017578021475,3.23746927821592,29.7473351206135,11.6334085627645,0,0,0,0.482900415389208,0,0,0,0.2661392237327,0,10.8545189268508,0,0,0,0
118_1,0,0,0,0,0,0,11.0888610763455,0.893974611121044,0,0,6.89492818403957,0,0,18.0401096608859,0,0,0,0,0,0,20.1969724059839,10.6210143631922,0,5.66750104297037,0,26.5966386554626,0,0
12_1,0,0,0,0,0,2.56545689855425,1.91337676847007,27.2864285477253,0,0,0.525425041204385,67.1009258542311,0,0.608386889815604,0,0,0,0,0,0,0,0,0,0,0,0,0,0
12_2,0,0,0,0,0,1.6077844686205,1.656922518372,50.2181479023995,0,0,0,46.0207569137545,0,0.496388196852661,0,0,0,0,0,0,0,0,0,0,0,0,0,0
120_1,3.10410710396374,0,0,0,0,0,3.08453239889389,0,0,0,10.2949163663833,0,7.8475268325094,16.9682365947731,0,0,0,0,0,0.0636867164948596,0.0634110164234533,0,0,21.3841246384881,0,0.312092480831953,36.8773658512373,0
120_10,0,0,0,0,0,13.3605932764943,15.2223130273447,7.96621681318199,0,0,0,0,17.2088284666696,25.8473406370101,0,0,1.0994168838627,0,0,0,0,0,0,19.2952908954366,0,0,0,0
120_11,0,0,0,0,0,13.8311964278815,2.24582047786468,18.1100667288514,0,0,0,0,19.6358889729057,23.3909736672171,0,0,0,0,2.31398435818325,0,0,0,0,20.4720693670972,0,0,0,0
120_12,0,0,0,0,0,24.3696550504935,12.3071951030871,6.90506706737673,0,0,0,0,29.6505204074863,12.7010916403333,0,0,0,0,1.51233067420944,0,0,0,0,12.5541400570129,0,0,0,0
120_13,0,0,0,0,0,2.54235416252512,4.10868508824243,6.62232456430984,0,0,0.346785059527754,0,29.4485675789102,26.9876637289332,0,0,0,0.24849247896097,0.723113113776423,0,0,0.883528814083449,0,28.0884854107304,0,0,0,0
120_14,0,0,0,0,0,12.1191455053992,5.64361821088469,2.4294616750281,0,0,0.635045102007571,0,39.4926265741518,26.4474196460867,0,0,1.08206163250768,0,0,0,0,0.607434445398546,0,11.5431872085349,0,0,0,0
120_15,0,0,0,0,1.22080473228307,8.7867420606074,6.49690082071375,2.95712200833476,0,0,1.21997236542015,0,63.0451309313092,2.05400396206627,0,0,1.46024893318314,0.416183431460138,0.915603549212304,0,0,0,0,11.4272872054115,0,0,0,0
120_16,0,0,0,0,1.22057444671915,2.09217556298997,1.22612251238606,20.8557336484637,0,0,0.416104925017892,5.78496807088207,61.9649584172462,0,0,0,0.443845253352419,4.80573448067331,0,0,0,0,0,1.18978268226783,0,0,0,0
120_17,0,0,0,0,0,3.996828396351,3.39483150164935,57.2698239041687,0,0,2.78565153248131,2.81548891872628,29.7362706582458,0,0,0,0,0.00110508837944315,0,0,0,0,0,0,0,0,0,0
120_18,0,0,0,0,0.249454664386466,6.5204677552129,12.6456884532978,33.3520886284709,0,0,13.8985052122165,10.6381327486854,22.4184906884118,0,0,0,0,0,0,0,0.277171849318296,0,0,0,0,0,0,0
120_19,0,0,0,0,0,4.30539561857459,22.8330812880671,39.8598720812454,0,0,0,0,33.0016510121116,0,0,0,0,0,0,0,0,0,0,0,0,0,0,0
120_2,0,0,0,0,0,0,4.13319069859774,1.24015020761074,0,0,5.62920115357682,0,11.746411615173,11.0802926953003,0,0,0,0,0,0,0.183072418375618,0,0,35.0272127224294,0,2.30577505252304,28.6546934364124,0
120_20,0,0,0,0,0,6.3631643486042,26.5976955623553,47.8145955082238,0,0,0,0.35903271064173,17.1255841186021,0,0,0,0.469504313916108,1.27042343765535,0,0,0,0,0,0,0,0,0,0
120_21,0,0,0,0,0,3.44620139636283,35.2026933796948,45.81118746033,0,0,1.36573115876038,0.596075834092226,10.0532604796202,0,3.38273035847338,0,0,0.142119932665508,0,0,0,0,0,0,0,0,0,0
120_22,0,0,0,0,0,0,67.0417123282032,18.6006453803409,0,0,0.180529830208106,0,12.5760833860108,0,1.26978168036283,0,0,0.331247394877259,0,0,0,0,0,0,0,0,0,0
120_23,0,0,0,0,0,4.50494475458444,70.2097172296134,18.5241936819788,0,0,0,2.23632116885053,3.78241975472249,0,0,0,0,0,0,0,0,0,0,0.742403410251738,0,0,0,0
120_24,0,0,0,0,0,17.5976650946002,37.3543445366075,41.4586531770825,0,0,0,0,0,1.51343619876517,0,0,0,0,0,0,0,0,0,2.07590099294227,0,0,0,0
120_25,0,0,0,0,1.38042992109463,22.194828357344,37.8185342042924,20.6962336350036,0,0,3.56150919642413,4.17055487761107,0.77304075581299,8.68704549344845,0,0,0,0,0,0,0.303694582640818,0,0,0.414128976328388,0,0,0,0
120_26,0,0,0,0,1.9884339425674,19.6523554657076,37.3900147475508,18.8956458820083,0,0,2.5139880804432,7.54583064066239,1.9884339425674,10.0252972984916,0,0,0,0,0,0,0,0,0,0,0,0,0,0
120_27,0,0,0,0,0.55196014847728,19.4262374256581,27.968924643641,15.5285708371856,0,0,6.84430584111826,1.04872428210683,1.0763222895307,22.5649588099743,0,0,0,0.221887979687867,0,0,1.40749837861706,0,0,3.36060936400393,0,0,0,0
120_28,0,0,0,0,0,8.73491149734239,50.9603656012487,8.8613044414149,0,0,3.34058206986384,0.24837041411627,0.717514529669226,19.3477792925309,0,0,0.883094805746739,1.37983563397928,0,0,1.07627179450384,0,0,4.44996991958317,0,0,0,0
120_29,0,0,0,0,0.386484098939929,6.56912544169613,64.894545053004,17.3100706713782,0,0,0,0.607332155477032,3.69920494699646,1.73917844522968,0,0,1.35269434628975,2.29129858657244,0,0,0,0,0,1.15006625441696,0,0,0,0
120_3,0,0,0,0,0,0.00137819258311879,0.655468392531299,2.0546095029135,0,2.53008594408949,0,0,8.27163624536234,2.93499892500979,0,0,0.716660143221774,2.99563939866702,1.21280947314454,0,0,7.86562071037556,0,67.5672695799799,0,2.89062112383336,0.303202368286135,0
120_30,0,0,0,0,0,5.59968206832221,71.3546870084047,6.16765376357145,0,0,0,0,5.12526839284434,0.993536493147358,0.2759823592076,0,0,10.4831899145007,0,0,0,0,0,0,0,0,0,0
120_31,0,0,0,0,0,8.48330397424502,50.6540910371013,24.8226030007008,0,0,0,0,6.32472072052175,0,0.276104279064117,0,0,9.439176988365,0,0,0,0,0,0,0,0,0,0
120_32,0,0,0,0,0,6.57343352307546,18.8587313593527,62.0075860050902,0,0,0,4.32993048922555,2.25896214174898,0.800560944772337,0,0,0,4.34262904214263,0,0,0,0,0,0.828166494592072,0,0,0,0
120_33,0,0,0,0,0,6.4406873231661,2.4843006003726398,84.9561796977484,0,0,0,6.11883237871782,0,0,0,0,0,0,0,0,0,0,0,0,0,0,0,0
120_34,0,0,0,0,0,2.86201746418683,18.0105293089693,70.1593199844255,0,0,0,8.96813324241431,0,0,0,0,0,0,0,0,0,0,0,0,0,0,0,0
120_35,0,0,0,0,0,3.02089661543071,4.10414742197405,57.5637536790284,0,0,2.44085117715104,1.57952115043732,0.551750538851394,2.3027054917071,0,0,1.65497421557939,3.48027262967803,0,0,15.2537248015889,2.52434887056193,0,4.10830843659585,0,1.41474497141383,0,0
120_36,0,0,0,0,0,8.52473826712313,4.71959257535236,48.1640826197243,0,0,0.358066550800003,34.8390490854148,0.519196498660005,0,0,0,0.00302979389138464,1.83522879075417,0,0,1.03701581827847,0,0,0,0,0,0,0
120_37,0,0,0,0,0,0,16.2281317725071,71.3593342530852,0,0,0,6.74283542756119,5.66969854684543,0,0,0,0,0,0,0,0,0,0,0,0,0,0,0
120_38,0,0,0,0,0,12.7648153449756,6.9757647162457,74.123797044636,0,0,0,3.74375123874122,2.39187165539871,0,0,0,0,0,0,0,0,0,0,0,0,0,0,0
120_39,0,0,0,0,0,15.8212909640231,37.9142533731032,35.8112109018905,0,0,0,6.9417477065105,3.51149705447365,0,0,0,0,0,0,0,0,0,0,0,0,0,0,0
120_4,0,0,0,0,0,1.75196133602569,3.81895020247829,2.00105928696746,0,0.348681960122259,0,0,21.3369084268483,10.0174340980061,0,0,0.717225550884394,3.03965705584429,0.496540765996888,0,0,10.0792258377746,0,39.4851975680547,0,1.561068997098,5.34608891389982,0
120_40,0,0,0,0,0,8.69403570808925,14.5371525511483,35.6017856798617,0,0,0,41.1138742698523,0.0531517910501197,0,0,0,0,0,0,0,0,0,0,0,0,0,0,0
120_41,0,0,0,0,0,3.31018225279658,28.2852594995617,43.895164710482,0,0.0831676406276678,0,16.3553846916463,3.24381337401755,4.82702783086675,0,0,0,0,0,0,0,0,0,0,0,0,0,0
120_42,0,0,0,0,0.988316896325557,0.069182182742789,32.8756128313478,35.2945933075965,0,9.86250415542337,1.60915960119916,0,11.8472241772263,7.45340684813766,0,0,0,0,0,0,0,0,0,0,0,0,0,0
120_5,0,0,0,0,0,0.530667041579486,0.716745095120345,2.46064104578623,0,0.0791176316536688,0,0,0.736042078450508,21.3413608783985,0,0,0,0,0.743485200592142,0,0,10.2240931107012,0,56.6983964206878,0,2.88352065190723,3.58593084512517,0
120_6,0,0,0,0,0,4.82656054200693,13.2290447403571,2.70645423374048,0,0.212891942879963,0,0,17.2012834106777,28.7147991572457,0,0,0,0,0,0,0,6.76351918919292,0,26.3454467838998,0,0,0,0
120_7,0,0,0,0,0,10.9529176473187,9.74464370559436,0,0,0,0,0,5.8899901658545,33.9487961458995,0,0,0,0,0,0,0,6.04661826941136,0,33.4170340659224,0,0,0,0
120_8,0,0,0,0,0,1.57551122680513,1.48307974998956,0.0512270835363392,0,0,0,0,1.87730556676921,10.9536868187702,0,0,0,0,0,0,0,14.0902320531202,0,69.9689575010131,0,0,0,0
120_9,0,0,0,0,0,8.31588443632636,9.1294856659167,3.17866928028868,0,0,0,0,3.66287617223175,26.2755329338652,0,0,1.47573118303522,0,0,0,0.0860379123694117,5.36302987102667,0,41.7604080814373,0,0,0.752344463502105,0
121_1,0,0,0,0,0,3.30086086584035,9.06824745402031,16.9771587281848,0,0,0,0,15.4734762121903,5.49959236689741,0,0,0,0.548024706711437,0.303997568019456,0,0,5.94674515331148,0,42.8818969448237,0,0,0,0
121_2,0,0,0,0,0,0.175266211434533,8.20411475382688,37.8715781687295,0,0,0,5.40261546869219,27.919493466848,3.55307392093976,0,0,0,0.556987739645493,0,0,0,1.42145037620133,0,14.895419893681,0,0,0,0
121_3,0,0,0,0,0,0.359538131784554,2.88155984235635,22.9802945447006,0,0,0,15.9535366106619,1.24455507156192,1.45723570490216,0,0,0,0,0,0,4.03678351655949,0.904929820922354,0,27.0320127221188,0,0.85736016040932,22.2921938740237,0
121_4,0,0,0,0,0,2.67575134822008,7.20135718521993,0.24826558901011,0,0,0,0.137373625918928,3.89087348109734,7.54837730852518,0,0,0,0,0,0.112547067017916,3.20124684495814,0,0,51.6315186957782,0,2.70333641366564,20.6493524405887,0
121_5,0,0,0,0,0,0.570291301263419,0.441658316564119,0.248432803067317,0,0,1.47127426705422,3.7792150075496,14.8035586618855,13.1912297699787,0,0,0,0,0,1.40778588404813,13.0349931404941,0,0,38.2716253854152,0,0,12.7799354626783,0
121_6,0,0,0,0,0,2.92848763836304,0.44476319139828,0.416965491935887,0,0,0,1.30121031183459,11.7406363449361,6.14051181124249,0,0,0,0,0,0.343857542349795,20.3112230431809,0,0,51.3865492491865,0,1.06770963635049,3.91808573922421,0
121_7,0,0,0,0,0,0.172583275619401,0,0,0,0,1.78391903666138,0,25.0371417081838,19.8945510600748,0,0,0,0,0,5.18280422689393,12.6806818435693,0,0,25.605717030451,1.42423091530574,0.790029266549005,7.06530238377158,0.36303925292107
121_8,0,0,0,0,0,0,0,0,0,0,0.610430779046475,0,5.12457213803092,26.3243962511967,0,0,0.0661012613845053,0,0,12.913312506646,12.1764271406031,0,0,8.15919482915696,0.316136467491112,2.27072202695207,32.0387065994926,0
122_1,0,0,0,0,0,4.84337722011134,0.802443227003623,9.62351992577542,0,0,0,0.700550057435716,17.0316227798887,30.1736325881414,0,0,3.92302509498984,0,1.07691967835999,0,0,0.690333127153839,0,31.1345763011395,0,0,0,0
122_10,0,0,0,0,0,0,4.35634859635834,0,0,0,6.47245522557246,6.85619653748116,1.97814775699333,16.6974470696873,0,0,0,0,0,0,2.43211262309858,0,0,30.538675484238,15.8235232318318,7.73316155288058,6.80477298991991,0.307158931938447
122_11,0,0,0,0,0,0,4.00080423711774,0.963982846613804,0,0,0,1.75059284945067,1.4644276558416,9.36688360871109,0,0,0,0.826271011383261,0,0,7.14449001176058,4.7102956122255,0,50.9619171690846,5.78830385841019,10.0659088843413,2.64406723642643,0.312055018632411
122_12,0,0,0,0,0,0.0879209317965085,5.51228412517295e-4,33.0036987426485,0,1.54343955504843,0,0.771719777524213,4.57078599659341,4.26816159812141,0,0,0,0.826842618775942,0.584577731474591,0,0,7.86161961932165,0,46.4605623632274,0,0.0201198370568813,0,0
122_13,0,0,0,0,0,1.85926741944368,1.49820985954282,22.6232442853213,0,0,0,1.37703112090333,6.53731754337647,3.7064169650234,0,0,0.296337097218397,0,2.06609749380336,0,0.304874690167998,11.6427981272377,0,45.7939961443124,0,1.18424676397687,1.11016248967227,0
122_14,0,0,0,0,0,4.22684897109598,5.72739136899028,10.1389860187995,0,0,1.32185395454871,0.605723536764665,3.33946398973573,6.69682435669409,0,0,0,0,1.34690888266034,0,0.357927544451848,5.53851575707184,0,58.2524325306579,0,0.932814246617584,1.51430884191166,0
122_15,0,0,0,0,0.967510981249638,0.0190737879160643,0.838140941471114,4.22387651242698,0,0,2.05278187050281,0,19.8383980229603,5.54632580794076,0,0,0.276431708928468,0.304074879821315,0.801651955892557,0,0,15.3784488311084,0,43.8229952481404,0,5.9302894516424,0,0
122_16,0,0,0,0,0.978815633083968,2.09382646997133,2.29350485912046,18.8103195133887,0,0,3.75977067748025,0,31.0119555338043,1.02160385933021,0,0,0.279661609452562,0,0.587289379850381,0,0,7.20576102915474,0,31.3083968398241,0,0.649094595539398,0,0
122_2,0,0,0,0,0,7.66826267086755,3.60851312499827,17.7189544105121,0,0,0,5.42227955708815,2.74132327767992,38.2294001063996,0,0,10.8900410991756,0,0.177793214087838,0,0,0.413472590901949,0,13.1299599482884,0,0,0,0
122_3,0,0,0,0,0,6.36905106431063,1.26923490354642,11.7477957207077,0,0,0,1.11130404584129,7.21272707728688,24.1030602204419,0,0,7.8929598116957,0,1.03826446941571,0,0,0,0,37.5426179037921,0,0,1.71298478296221,0
122_4,0,0,0,0,0,1.04620653768959,11.5630600990592,2.17142920072574,0,0,0,0,2.69838691470939,4.88661048354014,0,0,0,0,0,2.70141540731849,0.972146127521564,0.506308900739778,0,50.5009402092981,0,1.01867478669776,21.9348213327024,0
122_5,0,0,0,0,0,5.59962964902079,10.7478940421441,3.1003116569624,0,0,0,0.41554261654069,10.3273913678462,5.24884334208691,0,0,0,0,0,1.89997767974009,7.31939189691899,0,0,25.3982513040822,0,0,29.9427664446582,0
122_6,0,0,0,0,0,6.59194345588414,6.25177458436819,21.9122231992963,0,0,0,0,5.8203610641717,25.6549077767453,0,0,0,0,0,0,0,0.937256210011551,0,31.4807821127406,0,1.35075159678135,0,0
122_7,0,0,0,0,0,0,10.0770960045237,8.8874177665605,0,0,0,0,16.1956776587087,8.11507854414059,0,0,0,0,0,0.026204366474961,0.750272387493622,0,0,47.1717213510427,0,0,8.77653192105593,0
122_8,0,0,0,0,0,0,4.01090803916978,0,0,0,0.909003264148085,0,19.982370845786,2.03423912294958,0,0,0,0,0,1.57698293552963,2.96142245238062,0,0,22.02707727905,0,0,46.4979960609873,0
122_9,0,0,0,0,0,0,0,0,0,0,1.8677047110678,0,5.27863297082991,6.73935192363063,0,0,0,0,0,0,4.84866774457905,0,0,19.4555804115262,3.93198077476799,10.4418148796208,47.4362665839794,0
124_1,0,0,0,0,0,6.47537579935221,12.5667857043987,36.9819782410103,0,0,0,0,5.1299725936384,1.66099161199236,0,0,0.525980677130914,24.6881488248486,0,0,0,0,0,11.9707665476288,0,0,0,0
124_2,0,0,0,0,0,7.67676767676766,12.4381693319886,20.2830203781073,0,0,0,0,9.95853943555998,2.2734476300245,5.67481470809522,0,0.241719893066961,27.5983287710701,0,0,0,0,0,13.8551921753188,0,0,0,0
126_1,0,0,0,0,0,3.66350311272178,9.74870976037129,67.6862998379375,0,0,0,0.00119605064078413,10.4038464988608,0,0,0,0.299012660196033,1.46516203496056,0,0,0,0,0,6.73227004431366,0,0,0,0
128_1,0,0,0,0,0,14.555538351093,13.8483410988021,22.1590349234948,0,0,4.34819329682858,1.42396644191382,19.3986571134978,2.31753494460945,0.00112611027434862,0,0,0,0,2.20154558635154,0,0,0,19.3271491110767,0,0,0.418913022057685,0
131_1,0,0,0,0,0,4.61779535148512,2.81717926966403,39.4117630480553,0,0,0.535478252537181,51.9977566279526,0,0.620027450306209,0,0,0,0,0,0,0,0,0,0,0,0,0,0
131_2,0,0,0,0,0,11.4979388906505,4.42734664329345,32.6639464410722,0,0,0,51.4107680249859,0,0,0,0,0,0,0,0,0,0,0,0,0,0,0,0
132_1,0,0,0,0,0,5.5079430569901,0,72.4528082451637,0,0,1.92006822971038,2.20971221129057,2.56055248343408,0.544951582934819,0,0,2.07679719106257,4.03618611425708,0,0,5.38222760035778,1.13531579778087,0,1.52990726408276,0,0.643530222937256,0,0
132_2,0,0,0,0,0,6.09370952362583,0,89.8350906395126,0,0,0,4.07119983685439,0,0,0,0,0,0,0,0,0,0,0,0,0,0,0,0
132_3,0,0,0,0,0,25.5159086774102,7.06421360797003,66.6598669085213,0,0,0,0.440514061716075,0.319496744386065,0,0,0,0,0,0,0,0,0,0,0,0,0,0,0
132_4,0,0,0,0,0,26.188974599774,4.55568193397538,64.6795572654895,0,0,0,0,4.57578620076176,0,0,0,0,0,0,0,0,0,0,0,0,0,0,0
132_5,0,0,0,0,0,11.2873521262299,2.76528789412266,77.7004418930087,0,0,0,5.20731363342236,2.08253831306378,0.0544761715142163,0,0,0,0.902589968641635,0,0,0,0,0,0,0,0,0,0
132_6,0,0,0,0,0,2.30799160027926,1.02347451523622,64.1116136349231,0,0,0,29.6319189388321,1.68325547127014,0.331132223856421,0,0,0,0.910613615605159,0,0,0,0,0,0,0,0,0,0
132_7,0,0,0,0,0,6.37758837424542,12.4656379936731,51.1245873105787,0,0,0,30.032186321504,0,0,0,0,0,0,0,0,0,0,0,0,0,0,0,0
136_1,0,0,0,0,0,36.3452557398146,7.03319444056039,46.1746693140206,0,0,0,5.55300763444166,0,4.89387287116529,0,0,0,0,0,0,0,0,0,0,0,0,0,0
137_1,0,0,0,0,0,0,13.1567669495157,2.83789126762276,0,0,47.5374436306443,0,4.35250237089999,0,29.9795121061064,0,0,0.00497681633059332,0,0,0,0,0,2.13090685888237,0,0,0,0
137_2,0,0,0,0,0,0,6.33803991791745,1.63942631201375,0,0,61.5708017506504,0,3.92060905688497,0,26.0028139406852,0,0,0.528309021849749,0,0,0,0,0,0,0,0,0,0
14_1,0,0,0,0,0,0.665424982176117,9.02468815112446,27.9666403223218,0,0,24.3443850622037,0,6.13307394286408,0,25.9684310008453,0,3.67531240155414,2.22204413690954,0,0,0,0,0,0,0,0,0,0
140_1,0,0,0,0,0,0,1.90106401977107,7.01579035296422,0,0,60.1966161060441,0,14.6332962721864,0.54727600569167,13.3201218985294,0,0.279398802905748,0,0,0,0,0,0,2.10643654190694,0,0,0,0
140_2,0,0,0,0,0,0,5.89167620057481,6.81111700198117,0,0,46.9174317046641,0,4.09995256299355,0.0728297569551023,36.0724949074987,0,0.13449786533471,0,0,0,0,0,0,0,0,0,0,0
140_3,0,0,0,0,0,2.63157894736843,19.2163421136111,2.24172570582638,0,0,58.1120640238645,0,1.22966557771186,0,16.5686236316179,0,0,0,0,0,0,0,0,0,0,0,0,0
140_4,0,0,0,0,0,0.330964181401468,31.7513245462351,9.49315593653207,0,0,42.7156162690973,0,1.85808807508474,0,9.96202186018415,0,0,3.4751239047154,0,0,0,0,0,0.413705226751835,0,0,0,0
142_1,0,0,0,0,0,11.1684928401947,73.1327268084585,0.88281790195184,0,0,0,0,1.58029281896351,0.602508155378246,0,0,0.631199019920068,0,0,0,0,0,0,12.0019624551346,0,0,0,0
146_1,0,0,0,0,0,0,32.389943477644,0.781415055842235,0,0,8.87600679541691,0,43.235116213783,0,12.1906536971063,0,0,2.52686476020687,0,0,0,0,0,0,0,0,0,0
148_1,0,0,0,0,0,0,3.62650073125024,2.17039520878167,0,0,61.4072257533556,0,0.324752959756213,0,32.4711253468578,0,0,0,0,0,0,0,0,0,0,0,0,0
148_2,0,0,0,0,0,0,32.2301935854297,34.2714943867678,0,0,24.7208566010345,1.21456707584695,1.72578939958981,0,5.83709895133174,0,0,0,0,0,0,0,0,0,0,0,0,0
148_3,0,0,0,0,0,0,41.8842218437723,22.1413152491897,0,0,1.36242280113461,0,24.9511733671905,0,1.5002208658497,0,1.30630342800468,1.51939035469111,1.55578460162191,0,0,0.777892300810952,0,3.00127518773597,0,0,0,0
148_4,0,0,0,0,0,0,70.1940162787921,10.451073249001,0,0,0,0,12.8953947203768,0.310337060529631,0,0,2.05389742748374,2.3475496998128502,0.0811993025758532,0,0,0,0,1.66653226142838,0,0,0,0
149_1,0,0,0,0,0.250255121192994,0.259709203549174,6.04115862559885,17.2509196875703,0,0,13.3397102045697,18.2527743560796,44.3274115556701,0,0,0,0,0,0,0,0.278061245769993,0,0,0,0,0,0,0
149_2,0,0,0,0,0,1.77414944944475,0.335552861313103,21.4121390044989,0,0,3.88109000825764,0,71.3479282717781,0,0,0,0.890112651861835,0,0,0,0,0,0,0.359027752845295,0,0,0,0
149_3,0,0,0,0,0,0.374383577300591,0.808423212339326,12.895744069937,0,0,41.4634690276329,0,41.3915472383971,0,0,0,2.00711969960109,0.334519949933514,0,0,0,0,0,0.724793224855947,0,0,0,0
15_1,0,0,0,0,0,1.00389003856114,0.565412581560765,76.9600027139829,0,0,0,18.4740079836258,1.72450837376033,0.339247548936459,0,0,0,0.932930759575262,0,0,0,0,0,0,0,0,0,0
15_2,0,0,0,0,0,0.458444328996673,0.359239076368701,65.5448275099757,0,0,0,33.6374890846588,0,0,0,0,0,0,0,0,0,0,0,0,0,0,0,0
150_1,0,0,0,0,0,10.692191871605,6.47659557948853,12.5225642404967,0,0,1.28633501276907,0,52.1441227605586,4.31846981868194,0,0,1.94711025213719,0,1.6432035537119,0,0,0,0,8.96940691054997,0,0,0,0
150_2,0,0,0,0,0,9.42498369571224,2.46250013817193,48.6238075762422,0,0,0,0,31.4506947284645,1.75505985608012,0,0,0.0953386317662794,0,5.18476350492447,0,0,0.0284634175997878,0,0.974388451037395,0,0,0,0
150_3,0,0,0,0,0,1.9455892638695,2.72248741163062,70.5826457450345,0,0,0,0,3.32661767861272,1.456544698116,0,0,1.50196593128854,0,8.62418248746739,0,0,1.05499870424089,0,6.77863139972635,0,0.306523659446641,1.69981302056774,0
151_1,0,0,0,0,0,0.388126651270976,7.45508127094841,86.2159592134366,0,0,0.35846268578098,0.681162272980563,4.80168114286664,0,0,0,0,0,0,0,0.00499019980205541,0,0,0,0,0.0945365629167163,0,0
151_2,0,0,0,0,0,1.74856237150182,13.9351960223025,66.6577358373487,0,0,0.436294514308599,10.2065277781694,0,0.877665500018331,0,0,0,0,0,0,4.5406216421257,0,0,0.202212777478517,0,0.676862853484574,0.718320703260505,0
151_3,0,0,0,0,0,7.07257381143517,2.67594327000268,86.5179845687212,0,0,0,0,1.49155962893587,0.736720631522612,0,0,0,0,0,0,0,0,0,1.50521808937651,0,0,0,0
153_1,0,0,0,0,1.92503103299772,1.00853724100465,7.71363509698338,1.54053148758539,0,0,0.647400405891907,0.00985174530705075,77.2176982382249,0,0,0,1.67564113751066,1.33645962051077,0,0,0,0,0,6.92521399398199,0,0,0,0
155_1,0,0,0,0,0,0,11.1003433302172,0.857610867644915,0,0,2.35471357226372,0,0,17.1153400855895,0,0,0,0,0,0,12.9656469673449,7.38603066244721,0,12.3959074809395,0,35.8244070335521,0,0
155_2,0,0,0,0,0,0,4.46617370019608,0,0,0,0.384462585382733,0,9.58785610846973,22.0454050313333,0,0,0,0,0,0,4.75772449411132,6.98344247798953,0,37.8141379708055,0,13.9607976317104,0,0
156_1,0,0,0,0,0,0,3.54126516662078,1.02895249854695,0,0,4.91589008562554,1.37712777643365,0,21.543762462144,0,0,0,0.962487729046217,0,0,22.3488482684395,12.7248052637873,0,5.5730292083462,0,25.9838315410089,0,0
156_2,0,0,0,0,0,0,2.32023927962638,2.12094520521904,0,0,2.66147889510605,3.58032279936885,0,8.12891696819534,0,0,0,0,0,0,27.9452115558877,4.0495668759941,0,1.13746538493223,0,38.3680698574831,9.68778317818602,0
157_1,0,0,0,0,0.471491410535892,4.19239068332972,5.9846127391432,18.6594112459021,0,0,7.6084846266065,7.09372694545674,6.13132977218642,9.78649759539377,0,0,0,0,0,6.4622058032272,0.305082677405577,0,0,20.4541294327125,0,0,12.8506370680999,0
158_1,0,0,0,0,0,9.03223328961518,11.0530171446126,27.7737407394279,0,0,2.83577327992627,4.69674949487789,11.54012028405,1.0459867900228,1.03387567497312,0,0,0,0,5.81924308484871,0,0,0,22.9833516477025,0,0,2.18590856994317,0
158_2,0,0,0,0,0.488673448180955,10.799683204799,23.8228305988217,31.9752517791649,0,1.14192312661136,6.90293372576993,0,1.38120460813445,2.61271786691231,0.927356164306617,0,0,0,0,0.738627108457421,0,0,0,19.2087983688417,0,0,0,0
158_3,0,0,0,0,0.475633571896211,11.3986984427196,24.6425753599429,20.0994353949718,0,1.59477138812259,3.43799137144744,0,4.76444946812977,9.23036892378108,0,0,0,0,0,5.5956890811319e-4,0,0,0,24.3555165100809,0,0,0,0
158_4,0,0,0,0,0,2.74529173259217,17.878998434531,29.1023805736706,0,0,4.13747108346657,0,9.40872142181448,0.162406971779696,0,0,1.61848872220315,0,0,3.67424844918084,0,0,0,31.2719926107617,0,0,0,0
158_5,0,0,0,0,1.3593460954261,8.43237844195297,12.8100638892665,12.6144362555335,0,7.69271686002872,2.67259262761601,0,14.2793397124096,2.24144350734934,0,0,2.13712847002642,0,0,0.531918037340646,0,0,0,35.2286361030496,0,0,0,0
158_6,0,0,0,0,1.29747049664914,11.1297583320171,14.6143127919309,0.423088205429068,0,6.54122571473703,0.366676444705192,0,19.5918044994019,6.32319425953925,0,0,6.10064986348356,0,0,0.427601146286978,0,0,0,33.1842182458192,0,0,0,0
159_1,0,0,0,0,0,13.8397609332031,7.15176749756055,18.9770358378424,0,0,6.50974673999824,4.18949037523287,12.528275525592,5.79093852568085,0,0,0.0995187616428635,0,0,0.115597001685443,0,0,0,30.7978688015608,0,0,0,0
159_2,0,0,0,0,0,13.7078167354236,3.85987405465001,50.2695473649006,0,0,0.523068335990583,0.111355805284842,6.07262166934233,3.53851722699177,0,0,0,0,0,0,0,0,0,21.9171988074151,0,0,0,0
159_3,0,0,0,0,0,8.3220844191979,10.3973024644764,31.2439737959983,0,0,0.11652956765602,4.73473683050594,16.5425153857596,6.11077746984829,0,0,0,0,0,0,0,0,0,22.5320800665566,0,0,0,0
159_4,0,0,0,0,0,15.7882071126871,10.3442934474433,16.062048611015,0,0,3.42993391845056,0.389740071862648,25.8832771358942,0.53661869369307,0,0,0,0,0,0,0,0,0,27.5658810089536,0,0,0,0
159_5,0,0,0,0,0,7.11951686617094,4.1833536117247,6.22431134305773,0,0,2.92341419746072,0,6.76780918541841,0.0618052110384661,0,0,1.94007388909984,0,0,0,0,0,0,70.7797156960254,0,0,0,0
160_1,0,0,0,0,0,0.278364663276185,5.6224094688524,0.093252162197522,0,0,2.96430529922809,0,1.93185076313672,35.3765299617808,0,0,0,0,0,0,19.8838662624813,12.0584788484611,0,3.06089783738493,0,18.7300447332015,0,0
160_10,0,0,0,0,0,3.01655598166683,16.0393293974591,62.2488954425636,0,0,0,18.6952191783083,0,0,0,0,0,0,0,0,0,0,0,0,0,0,0,0
160_11,0,0,0,0,0,34.3286291986469,21.0062996891418,33.3875271656904,0,0,0,11.2775439465215,0,0,0,0,0,0,0,0,0,0,0,0,0,0,0,0
160_12,0,0,0,0,0,40.7214325211339,27.2110789850867,31.9139805061359,0,0,0,0,0,0.153507987642332,0,0,0,0,0,0,0,0,0,0,0,0,0,0
160_13,0,0,0,0,0.622147727147965,1.40458998634935,34.9628724194597,54.2973939329632,0,0,0,6.04142039985801,2.0128308819493,0.658744652274316,0,0,0,0,0,0,0,0,0,0,0,0,0,0
160_14,0,0,0,0,0,24.0742882954349,20.9032919090431,50.8843975850529,0,0,0,2.32020095187731,0,1.29450907808919,0,0,0,0,0,0,0,0,0,0.523312180504142,0,0,0,0
160_15,0,0,0,0,0,22.9761573378679,13.6686721585725,52.3130221008353,0,0,0,10.2704520211555,0,0.771696381570788,0,0,0,0,0,0,0,0,0,0,0,0,0,0
160_16,0,0,0,0,0,10.2380880317635,21.6183272479133,47.2202885231814,0,0,0,20.9232961971398,0,0,0,0,0,0,0,0,0,0,0,0,0,0,0,0
160_17,0,0,0,0,0,0,7.78389739583048,90.0677865384222,0,0,0,2.14831606573974,0,0,0,0,0,0,0,0,0,0,0,0,0,0,0,0
160_2,0,0,0,0,0,0,4.82166818894263,0,0,0,8.85062526076019,0,7.78982443083789,18.9506444301615,0,0,0,0,0,0,14.0393311006619,30.0787636863892,0,4.04389792857706,0,9.79500016914172,1.63024480452849,0
160_3,0,0,0,0,0.00275580027061959,0.275580027061959,14.1661912911201,1.25140890288835,0,0,1.01358333953388,0.59800865872445,2.65080428030898,15.6766454194467,0,0,0.551160054123917,0,0,0,15.562279708216,16.3253608031505,0,6.05642225474069,0,25.8697994604145,0,0
160_4,0,0,0,0,0.193361174400194,0,1.19409489868536,0,0,0,2.39067232314762,0,0.441337915892027,4.52426531028813,0,0,0,0,0,0,12.0154247601604,45.6431672615553,0,22.2517060468811,0,11.3459703089917,0,0
160_5,0,0,0,0,0,0,0.343650224438765,0,0,0,21.5879354125877,2.51880938073731,2.09374645203989,3.92497846993961,0,0,0.164209978317637,0.332296752076162,0,0,11.6486626440298,43.4095862074687,0,7.64199455587153,0,6.3341299224918,0,0
160_6,0,0,0,0,0,0.123009121084489,0.139745055925916,0.446291595771387,0,0,41.5040026777511,6.82240383810772,24.0514908928621,9.66444450642937,0,0,0,0.669158461409723,0,0,4.32456556302474,11.317675936515,0,0.627597556553513,0,0.3096147945664,0,0
160_7,0,0,0,0,0.38635610994591,4.74528093608566,5.59912793906611,19.7803289546311,0,0,16.0092173529089,2.08521911910807,25.8494315045817,18.21613864665,0,0,0.689921624903411,0.662324759907274,0,0,0.275968649961364,1.67126614416602,0,4.02941825808588,0,0,0,0
160_8,0,0,0,0,0,5.02614199229499,15.2149146945516,56.6186020913573,0,0,0,0.247660979636764,16.4471656576777,5.86323610346724,0,0,0,0,0,0,0,0.0429279031370391,0,0.539350577875619,0,0,0,0
160_9,0,0,0,0,0,1.06520531062069,17.4677714870506,78.5811751371382,0,0,0,0,2.88584806518881,0,0,0,0,0,0,0,0,0,0,0,0,0,0,0
161_1,0,0,0,0,0.331387353153979,0.607543480782295,44.6994592863029,12.533345852411,0,0,4.22933109462767,0,14.3557001386303,1.35620274278266,0,0,2.76045665177265,7.03673428809712,0,0,5.89400023197117,3.80570759484583,0,2.39013128462308,0,0,0,0
161_10,0,0,0,0,0,0,0,0,0,0,0,0,0,3.74018202219175,0,0,1.32624084001718,1.77312332903905,0,0,0,1.98645222956406,0,89.2989236587312,0,1.8750779204588,0,0
161_11,0,0,0,0,0,0.773702387810398,1.4128957748187,0,0,0,0,0,0,4.86161835276089,0,0,0.771497322223478,1.43329263149771,0,0,4.85472752280177,2.56504254398416,0,54.3986923961063,0,27.9362515538816,0.992279514113798,0
161_12,0,0,0,0,0,0.359280445706433,10.5297868876434,12.3366750278014,0,0,0,0,5.10332762127097,10.0493665681543,0,0,0.636329268662853,0,0,0,4.22582238521376,10.4641119674605,0,28.7813439075471,0,17.5139559205387,0,0
161_2,0,0,0,0,0,0.578830241244013,27.5923880770958,32.1309055391226,0,0,11.9323384630752,1.94238335987924,24.9624010078192,0.437313739309954,0,0,0,0.284975387227997,0,0,0.138464185225677,0,0,0,0,0,0,0
161_3,0,0,0,0,0,0,1.24702759497871,16.5921030802413,0,0,2.23773710114472,1.078360891445,78.8447713321921,0,0,0,0,0,0,0,0,0,0,0,0,0,0,0
161_4,0,0,0,0,0,0.495226861854579,6.78215529785262,18.5857511354116,0,0,7.13187309846111,2.94159795405441,46.961671590458,5.63930287931565,0,0,0.380032188368094,0.358260946249835,0,0,0,0,0,10.7241280479739,0,0,0,0
161_5,0,0,0,0,0,1.1576287486532,0,0,0,0,12.7870993697937,3.58751932366485,39.1367247455879,4.41172012995425,0,0,0.842387784963778,1.48664772648989,0,0,0.642606579828436,3.69664119571119,0,32.2510243953511,0,0,0,0
161_6,0,0,0,0,0,0,0,0,0,0,0.330727020673195,0,5.99056876779379,6.13581305103943,0,0,0.823234675625694,7.51632275649946,0,0,4.4105204265276,3.77524894098451,0,71.0175643608566,0,0,0,0
161_7,0,0,0,0,0,0.441205851666038,0,0.581337269962483,0,0,0.710369169978023,0,3.06402202144427,6.88003640641993,0.330488156813994,0,1.02143316980043,4.8801807001576,0,0,6.77819832619261,8.00802495171705,0,66.1983594911961,0,0.551368570604035,0.55497591404533,0
161_8,0,0,0,0,0,9.10797396302037,2.45683967602843,1.40785194918483,0,0,0,0,6.74775157762234,15.461526994871,0,0,0,0.276049401800946,0,0,2.48168412219051,7.84642819679008,0,48.4541233499133,0,5.20767196497486,0.552098803601893,0
161_9,0,0,0,0,0,0.00220791980835256,2.45631078679222,0,0,0,0,0,0,4.3186911451376,0,0,0,0,0,0,0,2.13450647472483,0,70.1933585772147,0,20.8949250963208,0,0
162_1,0,0,0,0,0,1.47323340471092,39.4670166470965,50.6621537611401,0,0,0,0.337086412930856,3.45375423084893,0.720591282724321,0,0,0.856531049250535,1.85121226773503,0,0,0,0,0,1.17842094356566,0,0,0,0
162_2,0,0,0,0,1.88445029388451,0,51.0225386237536,26.6580919192979,0,0,9.08693896474888,4.29445283639682,3.67348159669773,0,0,0,0,0.777709645095195,0,0,0,0,0,2.60233612012623,0,0,0,0
162_3,0,0,0,0,0.310196346204763,30.7607196109303,4.67997937598418,49.1980323574078,0,0,7.84465099427265,2.50944106130071,0.605900140744973,3.07938852580093,0,0,0,0,0,0,0,0,0,1.01169158735246,0,0,0,0
162_4,0,0,0,0,0.656799351082241,52.7715290617281,12.5451960053463,12.7248306278673,0,0,4.112877536477,1.24791876705626,1.28075873461037,11.0476934848788,0,0,0,0,0,0,0.394079610649345,0,0,3.21831682030298,0,0,0,0
163_1,0,0,0,0,0,0,50.2117159655169,4.12686895764851,0,0,27.2433722794702,0.485465124329474,14.0812579445412,0,3.85131972849401,0,0,0,0,0,0,0,0,0,0,0,0,0
163_10,0,2.68420528261784,0,0,2.45173467354484,6.72227511236079,60.8851595191213,9.7745588593442,0,0,1.79251444638785,0.971948546505191,3.70430845528815,9.10537560608408,0,0,0,0.217249319193216,0,0,0,0,0,1.69067017955587,0,0,0,0
163_11,0,11.4360047979741,0,0,0,3.23530065083631,51.9358493080715,21.8566049890045,0,0,0.771896310446701,0,7.48600590861637,2.73329038850263,0,0,0,0.545047646549235,0,0,0,0,0,0,0,0,0,0
163_12,0,9.54300359938933,0,0,0,3.74756656069244,16.0219044551195,39.1823643926563,0,0,1.65263791823644,0,17.6630579403648,3.84588451142142,0,0,1.07953670116665,6.74864497696112,0,0,0,0.515398943992381,0,0,0,0,0,0
163_13,0,0,0,0,0,1.34566120773093,3.42702407575411,90.2924882875043,0,0,2.18173595810802,0,0.190819171260206,0.0868613279580419,0,0,0,2.47540997168045,0,0,0,0,0,0,0,0,0,0
163_2,0,0,0,0,0,0,3.9569575699398,0,0,0,25.9804813999547,0,42.3726849936279,0,27.6898760364773,0,0,0,0,0,0,0,0,0,0,0,0,0
163_3,0,0,0,0,1.20492607016825,0,37.4989612706292,3.58375482662914,0,0,16.3329806270049,0,8.09350226304505,0,26.0064595117147,0,0.868654748516694,6.37475139743725,0,0,0,0,0,0.0360092848556028,0,0,0,0
163_4,0,0,0,0,0,1.32426579117984,84.913853751392,0,0,0,0,0,3.94713972383542,9.40311478349631,0,0,0.028968314182059,0,0,0,0,0,0,0.382657635909674,0,0,0,0
163_5,0,0,0,0,0,9.73632793608422,58.5663712412023,0.729029351860296,0,0,0,0,9.14713514678696,11.3248270697055,0,0,3.86291595159333,0,0,0,0,0,0,6.63339330276825,0,0,0,0
163_6,0,0,0,0,0,18.6953080400113,62.8810338693691,0.00523994826240558,0,0,0,0,13.1765393726955,2.15113665509282,0,0,0,0,0,0,0,0,0,3.09074211456733,0,0,0,0
163_7,0,0,0,0,0,38.4090013814982,30.1940756440055,0,0,0,0,0,25.5932400867733,1.22060153462902,0,0,0,0,0,0,0,0,0,4.58308135309229,0,0,0,0
163_8,0,0,0,0,0,24.9616910166123,38.7562442259935,3.21131622475341,0,0,0.0188087427461871,0,26.2747072197911,1.85791654450204,0,0,0,0,0,0,0,0,0,4.52128983719375,0,0,0.398026188408283,0
163_9,0,0,0,0,0,16.5745948192268,48.5676686521691,4.85718243524034,0,0,1.451170522233,2.44216650505611,4.15043634852473,9.73874497852881,0,0,0.720321374151544,0,1.80412799556725,0,0,0,0,8.639700789583,0,0,1.05388557972018,0
164_1,0,0,0,0,0,0.920418330131045,9.3431089430146,6.26344673654173,0,0,37.5162511361417,0,0.460209165065523,0,28.0296144597722,0,9.25423104801133,7.60236777615425,0,0,0,0,0,0.610352405168149,0,0,0,0
164_2,0,0,0,0,0,0.260904969104088,20.5040285167472,3.27793026469945,0,0,18.4497480965295,0,8.62066577851885,0.830907544917477,37.3365535616857,0,1.26242552991129,2.59630910868548,0,0,0,0,0,6.86052662920196,0,0,0,0
164_3,0,0,0,0,0,6.11954577596604,43.7829818504488,30.1820501088418,0,0,0,0,0.587884586054379,1.5978259362478,0,0,1.63609389515134,2.59001982723957,0,0,0,0,0,13.5035980200492,0,0,0,0
165_1,0,0,0,0,0,0.34956847527932,1.10947570303963,6.98969692914964,0,0,16.4659574942576,3.08004950826252,67.9397760977666,0,0,0,2.00263152026047,0,0,0,0,0,0,2.06284427198323,0,0,0,0
165_2,0,0,0,0,0,1.24621535270404,15.3050300262625,34.8449618886714,0,0,23.2699352637125,5.54970085255627,19.7841566160932,0,0,0,0,0,0,0,0,0,0,0,0,0,0,0
165_3,0,0,0,0,0.253389792332988,7.98628316590835,12.1438465696652,41.5125681336988,0,0,17.3560745979549,6.95526825532681,13.5110252714085,0,0,0,0,0,0,0,0.28154421370332,0,0,0,0,0,0,0
165_4,0,0,0,0,0.748137967724773,1.94515871608441,11.1658206242241,24.8359638233732,0,0,10.4146346870012,5.75816855825503,43.4695868061722,0,0,0,0,1.3854406809718,0,0,0.277088136194361,0,0,0,0,0,0,0
165_5,0,0,0,0,0,2.09011838474767,10.5788743219557,48.0785287335964,0,0,6.2656551525842,2.85234806553462,26.4975034697071,0,0.276470685813183,0,0.304117754394502,2.66932447152629,0,0,0,0,0,0.387058960138456,0,0,0,0
165_6,0,0,0,0,0,1.62573823932548,5.45182909566908,46.5916958411946,0,0,6.70308694055684,3.13851570098749,6.96628835550971,0,17.6235631136811,0,1.1772587250288,6.06904902721989,0,0,0,0,0,4.65297496082811,0,0,0,0
165_7,0,0,0,0,0,0,6.8234202793623,25.6182991082917,0,0,19.0573289478521,0,2.56991835199426,0,39.1152489740983,0,0.410078310816735,2.49949800758504,0,0,0,0,0,3.90620802000051,0,0,0,0
166_1,0,0,0,0,0,3.52712302494887,10.2148789480355,57.8616265548303,0,0,0,0.358223432221371,17.0889110558773,0,0,0,0.275556486324132,2.69576910570897,0,0,0,0,0,7.97791139205623,0,0,0,0
166_2,0,0,0,0,0,0.520521073643786,13.7822044785809,42.9183992042985,0,1.90636698945972,0,0,38.0068794982659,0,0,0,1.0145187804777,1.46431087596182,0.386799099310669,0,0,0,0,0,0,0,0,0
166_3,0,0,0,0,0,0.551321103193527,3.88185188758564,28.272297492867,0,0,0,0,65.1567819387223,0.240651661543975,0,0,0.057613055283723603,0.807685416178517,0,0,0,0,0,1.03179744462669,0,0,0,0
166_4,0,0,0,0,0,4.56815142616871,7.2539531549416,20.2550422542977,0,0,0,0,50.1093235176528,8.44065787115538,0,0,0,0,0,0,0,0,0,9.37287177578336,0,0,0,0
166_5,0,0,0,0,0,23.9649263811212,8.39919404351273,1.97805387182836,0,0,0,0,33.8161258274455,10.6699931906723,0,0,0,1.21116729736669,0,0,0,0,0,19.9605393880534,0,0,0,0
166_6,0,0,0,0,0,10.9752843326995,7.8273302079442,0,0,0,0,0,15.5372476538515,32.1407604863916,0,0,0,0.308980952728723,0,0,1.06738874579014,1.64658758626889,0,27.9037889491556,0,1.91849082467017,0.674140260499032,0
167_1,0,0,0,0,0,13.9590612965967,2.91018117577561,37.7872145966042,0,0,0,0,40.4599891885269,2.09737013692675,0,0,0,0,0,0,0,0,0,2.78618360557069,0,0,0,0
169_1,0,0,0,0,0,0.136632466978178,20.5101130197162,13.7145185160551,0,0,29.2487708620869,0,9.41212010354141,0,19.7086097854345,0,0,6.52094384488754,0,0,0,0.332573956133495,0,0.415717445166869,0,0,0,0
169_10,0,0,0,0,0,6.66961607056448,67.4869696257494,0.801869184720245,0,0,0,0,11.2081956560811,2.06246284442355,0,0,0,2.65446350803943,0,0,0,0,0,9.11642311042295,0,0,0,0
169_11,0,0,0,0,0,57.7423087864475,23.5223120454946,0.552380899773248,0,0,0,0,12.2498750238214,3.72857107346942,0,0,0,0,0,0,0,0,0,2.20455217099503,0,0,0,0
169_2,0,0,0,0,0,0,13.2861962707835,0,0,0,65.0262490723856,0,7.17842472461232,0,14.5091299322187,0,0,0,0,0,0,0,0,0,0,0,0,0
169_3,0,0,0,0,0,0,0.046068281569337,0.0513731139924727,0,0,39.6231893769329,0,22.4673613205121,0,37.0860834701416,0,0,0,0,0,0,0,0,0.725924436850158,0,0,0,0
169_4,0,0,0,0,0,1.4405788910867,17.4487347838856,4.98080151593226,0,0,36.6901591839677,0,29.081963398215,0,10.3577622269134,0,0,0,0,0,0,0,0,0,0,0,0,0
169_5,0,0,0,0,0,0,56.3455368937548,3.08854056814271,0,0,22.1542910427049,0,11.4455557652387,0,6.02916199504904,0,0,0.936913735110953,0,0,0,0,0,0,0,0,0,0
169_6,0,0,0,0,0,0,57.6181332211792,0.49804379465101,0,0,11.0214324846299,0,17.6761276541586,0,8.49303015378489,0,0,4.69323269159467,0,0,0,0,0,0,0,0,0,0
169_7,0,0,0,0,0,0.742214485064523,86.5926110143922,3.44856171764901,0,0,0,0,1.09480781452928,0,0,0,0,2.21945895161513,0.168559507032524,0,0,0,0,5.7337865097129,0,0,0,0
169_8,0,0,0,0,0,0.898953243401242,53.7940790417054,3.37383218804116,0,0,0,3.76870980906895,0,1.27259791972292,0,0,1.3236121375233,0,0.738189519197891,0,0,0,0,34.8300261413403,0,0,0,0
169_9,0,0,0,0,0,1.99156351566281,69.5047368784999,0,0,0,0,0.747112924417399,0.470230274531499,1.9085817025102,0,0,0.885139340294585,0,0,0,0,0,0,24.4926353640825,0,0,0,0
170_1,0,0,0,0,0,16.6589871287265,9.53908976782047,25.1551312649162,0,0,0,0.337991639880254,25.0221419013062,12.3666312580188,0,0,0,0,0.33109385131127,0,0,0,0,9.94330017796298,0,0,0.645633010056976,0
170_2,0,0,0,0,0,10.4267897746848,5.24688210569836,21.7184593123408,0,0,0,0,27.0659408805899,15.2219389512852,0,0,0.453111003927513,0,0.947839867704816,0,0,0,0,18.9190381037692,0,0,0,0
170_3,0,0,0,0,0,1.54833044304287,1.51767863651928,17.3373245115038,0,0,0,0,19.8112842830788,1.06590966829775,0,0,0.828427203340219,0,0.661084908265495,0,0,0,0,56.1599085416356,0,0,1.07005180431445,0
170_4,0,0,0,0,0,2.34951233633828,1.23097664193152,1.74703024437725,0,0.503466929215347,0,0,16.2754075984347,4.25793170191403,0,0,0,0,0.30767423452049,0,0,0,0,64.1772091709328,0,0.391585389389714,8.75920575294878,0
170_5,0,0,0,0,0,0,4.57631092676228,0,0,0,0,0,10.4536395558508,10.3045849639087,0,0,0,0,0.311228221002741,0,0,0,0,72.8087021085321,0,0,1.54553422393917,0
171_1,0,0,0,0,0,1.72987395600272,1.33298128100724,39.9947192151097,0,0,0,0,56.9424255478832,0,0,0,0,0,0,0,0,0,0,0,0,0,0,0
171_2,0,0,0,0,0,0,22.8418585412929,31.5921687577552,0,0,0,0,45.5659727009519,0,0,0,0,0,0,0,0,0,0,0,0,0,0,0
171_3,0,0,0,0,0,1.41672519449828,11.7753978134202,49.1160539079005,0,0,0.384927249654108,0,35.9851213711487,0.512432517158954,0,0,0.331573981691088,0,0,0,0,0,0,0.477767964527613,0,0,0,0
171_4,0,0,0,0,0,0.536823425022183,2.12622005323869,43.3612466725808,0,0,0,0,27.6306011535043,3.37206078083408,0,0,0,0.489962289263531,0,0,0,0.405944986690328,0,22.0771406388639,0,0,0,0
172_1,0,0,0,0,0,2.83014946137922,25.8052983546225,54.7744222332462,0,0,0.81617608340793,3.21537348716429,1.18948310695648,2.59790648756059,0,0,0,2.12760060859854,0,0,0,0,0,6.64359017706446,0,0,0,0
172_2,0,0,0,0,0,8.76539186769054,19.1022095215812,38.3417307965467,0,0,0,0,4.6543949509382,9.80595314689019,0,0,0,2.95930502984373,0,0,0,1.08623902271911,0,15.2847756637895,0,0,0,0
172_3,0,0,0,0,0,2.75102896637416,0.378304618422658,87.6302155559757,0,0,0,0,1.93811779584863,2.01771708139651,0,0,0,0,0,0,0,0,0,5.28461598198336,0,0,0,0
174_1,0,0,0,0,0,25.2018947041462,1.85587824196304,24.1064495374168,0,0,0,0,47.0364741641327,1.79930335233954,0,0,0,0,0,0,0,0,0,0,0,0,0,0
175_1,0,0,0,0,0,36.9047354043902,11.0554249970584,10.987372042956,0,0,0,0,9.8428739970934,11.5508759432807,0,0,0,0,0.159320233669676,0,0,0,0,19.4993973815512,0,0,0,0
176_1,0,0,0,0,0,1.41189020096663,28.8472659609214,20.7657526735124,0,3.60703188438801,0,0,19.8614477867303,16.2693977593135,0,0,0.269673425481742,0,0,0,0,0,0,8.9675403086862,0,0,0,0
177_1,0,0,0,0,0,4.91016294726866,31.7466999344867,12.6792210869655,0,7.09831198338468,0,0,37.128838460574,3.42593496048285,0,0,0.72482959534994,0.36241479767497,0,0,0,0,0,1.9235862338133,0,0,0,0
178_1,0,0,0,0,0,0,0,0,0,0,0,0,58.8748334400462,6.73565565496275,1.1207826443087,0,2.23666222506792,11.4861474033953,0,0,0,0.259573952619101,0,19.2863446795994,0,0,0,0
178_2,0,0,0,0,0,0,0,12.8412100082718,0,0,0,0,38.6987803320921,2.35939399659137,22.6487944884559,0,0.916000022206061,10.856543293492,0,0,0,0,0,11.6792778588916,0,0,0,0
178_3,0,0,0,0,0,0,5.1436812751661,13.5008433858817,0,0,0,0,30.8476375469284,0.572724317024168,6.93271531349777,0,2.36898340739011,5.97261705279011,0,0,0,0,0,34.660797701322,0,0,0,0
18_1,0,0,0,0,0,23.1972331580379,59.7517843579522,0.729108081938413,0,0,0,0.637788381814914,0,15.6840860202583,0,0,0,0,0,0,0,0,0,0,0,0,0,0
18_2,0,0,0,0,0,2.60899655910498,66.6230392061074,22.5544668845249,0,0,0,0.0669760588496304,0,2.10807145229212,0,0,0,5.39659594180897,0,0,0,0,0,0.641853897308958,0,0,0,0
181_1,0,0,0,0,0,3.50246034872045,6.65902950754192,46.7363626781464,0,0,0,0.305116526775362,7.19880838127361,3.48137957050688,0,0,0.554757321409749,0,0,0,3.0217631297189,0,0,27.3306741965727,0,1.20964833933396,0,0
182_1,0,0,0,0,0,7.65127267184877,5.80648737027336,2.86680245527983,0,0,0,0,18.0604397888347,25.9325767967742,0,0,0.554239237366809,0.58195119923515,0,0,0,0,0,38.5462304803879,0,0,0,0
185_1,0,0,0,0,0,6.74280821444847,6.35307765609246,71.6289411537228,0,0,0.72808628761618,4.9460702398873,8.4384537833695,0,0,0,0,0.168211133975058,0,0,0.359071386153655,0,0,0.63528014473339,0,0,0,0
185_2,0,0,0,0,0,6.34219478882992,15.5013810963651,76.148340598118,0,0,0.895974097141284,0.278166438106577,0.0550769547451022,0,0,0,0,0,0,0,0,0,0,0,0,0,0.778866026698415,0
187_1,0,0,0,0,0,4.02498399705159,17.1493414544254,57.4742775119082,0,0,1.34701874076886,0.304818065181187,0.954911866013063,6.86561125720827,0,0,0,0,0,0,3.26709544407836,0,0,1.11868229921495,0,3.91663503024628,3.57662433390326,0
19_1,0,0,0,0,0,17.3362808470337,55.9582539560176,19.3718272015502,0,0,0,1.04612877294601,0,6.28750922245104,0,0,0,0,0,0,0,0,0,0,0,0,0,0
19_2,0,0,0,0,0,0.578988387068246,31.2584637323884,67.9851204129995,0,0,0,0.177427467540723,0,0,0,0,0,0,0,0,0,0,0,0,0,0,0,0
19_3,0,0,0,0,0,5.27157520246603,62.0037786297517,32.5837761990522,0,0,0,0.140869968732391,0,0,0,0,0,0,0,0,0,0,0,0,0,0,0,0
19_4,0,0,0,0,0,7.71076658769419,51.0331546060361,40.3970794020245,0,0,0,0.858999404242348,0,0,0,0,0,0,0,0,0,0,0,0,0,0,0,0
190_1,0,0,0,0,0,0,4.53310653345903,3.15076502992136,0,0,41.097871792791,0.391677414481433,2.65529310060234,8.77581224103822,0,0,0.932751785629356,0,0,0,9.41032965249813,21.5674370588381,0,5.79262919059859,0,1.08354759020471,0.608778609936856,0
190_2,0,0,0,0,0.0041576353587485,2.90674146714637,16.0329506460964,10.0345915261848,0,0,14.546180241808,1.13642033139125,1.48399864738263,8.17973180480181,0,0,2.07881767937425,0,0,0,6.58209112428005,9.74605163228766,0,12.4981290640886,0,10.8882926531812,3.88184554661818,0
190_3,0,0,0,0,0,5.89037367813029,9.44886919043813,13.3714342841909,0,0,0.388785212832134,1.27743712787701,8.19281524926688,11.0151181907047,0,0,4.69319292633077,0.333244468141829,0,0,7.64684972896119,6.14836043721676,0,19.3081844841373,0,10.2106105038657,2.07472451790634,0
190_4,0,0,0,0,0,4.52132271905927,4.36775886278833,6.47513608163222,0,0,0.391601819270166,0.737050566983491,7.6670041901395,12.7388071808585,0,0,2.15353029040072,0,0,0,7.64322836539809,4.76887101195506,0,37.2539202139254,0,11.2817686975883,0,0
190_5,0,0,0,0,0,1.57034306807679,3.15922586929212,9.58061463366041,0,0,0,0,5.87488170543405,7.48728506361617,0,0,0,0,0,0,10.2906587416225,4.05577415837912,0,45.6143846192165,0,12.3668321407028,0,0
191_1,0,0,0,0,0,6.47537579935221,12.5667857043987,36.9819782410103,0,0,0,0,5.1299725936384,1.66099161199236,0,0,0.525980677130914,24.6881488248486,0,0,0,0,0,11.9707665476288,0,0,0,0
191_2,0,0,0,0,0,8.91999878673231,17.4853925334405,19.096005316318,0,0,0,0,9.8688292243083,3.5239909887304,4.46620360285338,0,0.208185696126092,23.7017346969724,0,0,0,0,0,12.7296591545178,0,0,0,0
192_1,0,0,0,0,0,0.829285957148031,35.0066481090902,22.9402610039333,0,8.28346099729926,0,0,20.7412710742291,8.78849614520241,0,0,2.49615073101557,0,0,0,0,0,0,0.914425982081895,0,0,0,0
192_10,0,0,0,0,0,1.48502960563066,0.467824824042007,6.79588872751645,0,1.17724276617138,2.33493464417384,0,36.238967713105,1.22695788180092,0,0,0.417271813205229,0,0,0,0,0,0,49.8558820243553,0,0,0,0
192_11,0,0,0,0,0,2.25122222817705,0.684805068748474,9.90257903543711,0,1.28028773722541,0.26796720081462,0,42.1610661521704,0,0,0,1.22877848640215,0,0,0,0,0,0,42.2232940910263,0,0,0,0
192_2,0,0,0,0,0,0.249318529353101,12.9955898322363,1.40283225849345,0,3.4489063227179,0,0,19.8490791835649,9.98243689471001,0,0,1.93609689072092,0,0,0,0,0,0,50.1357400882058,0,0,0,0
192_3,0,0,0,0,0,3.74337036410667,8.25748355240362,1.74664740733758,0,0.415868430318472,0,0,28.6913174989115,11.6495837157014,0,0,6.57682060267653,0,2.77245620212315e-4,0,0,0,0,38.9186311829234,0,0,0,0
192_4,0,0,0,0,0,1.82097867209912,8.91198603084857,2.3559084798847,0,0.00776063969844372,0,0,35.618010227414,8.82772765697975,0,0,9.23793289818321,0,0,1.17462825150016,0,0,0,32.0450671433915,0,0,0,0
192_5,0,0,0,0,0,4.97823713918558,17.0322366693841,1.3541335617858,0,0.386895303367371,0,0,23.6788216274473,24.0922468944742,0,0,0.63367923615813,0,0,1.12172002597726,0.00027635378811955103,0,0,26.7217531884318,0,0,0,0
192_6,0,0,0,0,0,4.35911417175723,4.67437425440575,0,0,0,0,0,8.55575453445861,67.8993824888124,0,0,0.415180091284263,0,0,0,0,0,0,14.0961944592835,0,0,0,0
192_7,0,0,0,0,0,8.04295692151275,2.61780827973388,1.78121477355613,0,0,0,0,25.9045598214084,37.9301770439617,0,0,0.414428751409058,0,0,0,0,0,0,23.3088544084164,0,0,0,0
192_8,0,0,0,0,0,6.79601753372522,3.45762837522667,7.10245614251864,0,0,0.278018899106942,0,27.4954513019012,16.3283588544386,0,0,1.76078636101063,0,0,0,0,0,0,36.7812825320734,0,0,0,0
192_9,0,0,0,0,0,0.962564725400102,0.452971635482401,0.387007641065276,0,0,0.736078907658901,0,14.2377478250283,9.57666969591443,0,0,0,0,0,0,0,0,0,73.646959569452,0,0,0,0
193_1,0,0,0,0,0,3.49234386840814,1.16067846476173,0,0,0.174129630455133,0,0,26.1155440645474,23.8891922614004,0,0,4.35240493915213,1.43204208086301,1.05870815316721,0,0,7.09529487808138,0,31.2296616591623,0,0,0,0
193_2,0,0,0,0,0,2.8726025840395,0.47123655243338203,14.3907327173995,0,0,0,0,31.6230218459723,22.8874049557455,0,0,1.58002844051193,2.55715129188115,1.33775741296677,0,0,3.12374394668929,0,19.1563202523611,0,0,0,0
193_3,0,0,0,0,0,4.90519625793742,4.38568176885362,7.93017858832302,0,0,0,0,34.7409662357318,21.4870858771087,0,0,4.92523109629523,1.25217739736319,0.940246094597829,0,0,4.01976770717971,0,15.4134689766093,0,0,0,0
193_4,0,0,0,0,0,18.4356522676575,0.617258355654701,13.3367057256033,0,0,0,0,12.6271212209165,10.7225488651346,0,0,1.10293812765887,0.534330676883357,0,0,0,1.39097359859134,0,41.2324711618991,0,0,0,0
193_5,0,0,0,0,0,14.0834610234537,6.95379688298067,16.8628263000236,0,0,0,0,28.6045195400397,14.1472370618849,0,0,0,1.12118827735675,0,0,0,0,0,18.2269709142614,0,0,0,0
193_6,0,0,0,0,0,3.19276641883519,5.35161090458489,8.28022658877673,0,0,0,0,35.1727075588594,17.51526818906,0,0,0.775303151000177,0,0.360406709152062,0,0,4.05104885820499,0,25.3006616215261,0,0,0,0
195_1,0,0,0,0,0,1.46327717133365,12.3852040816327,11.6830802088278,0,0,0,0,71.4428096820139,0,0,0,0.722294731846227,0,0,0,0,0.707166587565259,0,1.59616753678216,0,0,0,0
195_2,0,0,0,0,0,2.47029034734047,15.1481733085127,3.93570187124494,0,0,0,0,49.2102422943102,1.83272017197926,0,0,0.575518834493487,1.14692051840807,0,0,0,3.72337453424735,0,21.9570581194622,0,0,0,0
195_3,0,0,0,0,0,1.31668450867568,6.62328828226061,6.37935456532408,0,0,0,0,38.7665038583334,4.60574735715242,0,0,0.41733574200455,3.5070698960703,0,0,0,3.48309469646282,0,34.8839154288767,0,0,0.0170056648378607,0
195_4,0,0,0,0,0,0.0719148794384531,2.72582382798182,9.23314859446668,0,0,0,0,54.4925974877015,0.54172173661939,0,0,0.902962115574709,3.91005919788531,0,0,0,2.16771993735908,0,25.6486222330817,0,0,0.305429989893044,0
195_5,0,0,0,0,0,2.39476738052537,2.94279321047634,7.12600152136855,0,0,0,0,63.264501585224,2.79287732994264,0,0,1.75179482623639,1.32508981071732,0,0,0,0,0,18.4021743355117,0,0,0,0
195_6,0,0,0,0,0,0.858947133117246,0.565832122499162,0.220185537051526,0,0,0.801665362691405,0,59.6361909019789,11.4443388845422,0.489270146417794,0,1.19034313177601,2.46227785850006,0,0,0,0.363250251480943,0,21.9676986699448,0,0,0,0
195_7,0,0,0,0,0,1.1437787016968,3.85910933952499,3.625206595028,0,0,3.23632183645108,0.257350207881779,43.921102145157,8.59120777312006,1.17237316923922,0,0,1.54410124729067,0,0,0,0.743456156102917,0,31.9059928285076,0,0,0,0
195_8,0,0,0,0,0,0,12.2928184454661,14.6475764818092,0,0.693146719752463,6.4074482773918,0.249532819110887,55.3228122903207,0.304984556691084,2.3372907390053,0,1.71900386498611,1.73785745576338,0,0,0,0.367367761468805,0,3.92016058823204,0,0,0,0
195_9,0,0,0,0,0,0,11.4434390825141,13.5863494191242,0,0.775431933273756,43.47352546917,0,5.23781153807965,0,18.3611979942408,0,1.67932677986297,0.986744116770926,0,0,0,0.981158772713732,0,3.47501489425082,0,0,0,0
197_1,0,0,0,0,0.746070694343126,0.648528859119747,7.31950615646487,17.0507549130136,0,0,17.3795786634833,22.8930410946788,32.9721798527754,0,0,0,0,0.71401728673431,0,0,0.276322479386343,0,0,0,0,0,0,0
197_10,0,0,0,0,0,21.6300888522082,44.1732659466128,21.1837576286202,0,0,0,1.10409702804683,0.386433959816389,1.95425173964288,0,0,0.048856293491072,0,0,0,0,0,0,9.48695371349228,0,0.0322948380703696,0,0
197_11,0,0,0,0,0,36.765902786622,39.1101415734203,0.821923117383577,0,0,0,0,0,13.9308909103996,0,0,0,0,0,0,0,0,0,9.37114161217626,0,0,0,0
197_12,0,0,0,0,0,19.1164110107166,70.1217084526787,0,0,0,0,0,0,10.0706694241382,0,0,0,0,0,0,0,0,0,0.691211112462812,0,0,0,0
197_13,0,0,0,0,0,21.7510491216202,60.7822539068337,0,0,0,0,0.609793280078053,0,16.8569036914666,0,0,0,0,0,0,0,0,0,0,0,0,0,0
197_14,0,0,0,0,0,15.2196555906431,59.5005428881656,22.4476658571697,0,0,0,0.704787638174017,0,0,0,0,0,0,0,0,0,0,0,2.12734802584866,0,0,0,0
197_15,0,0,0,0,0,9.04140305918156,57.0074256537129,31.4939951342494,0,0,0,0,0.90935952701154,0.303764190620314,0,0,0,1.24405243522229,0,0,0,0,0,0,0,0,0,0
197_2,0,0,0,0,0.49741345005969,1.13299730291374,14.3266127249415,29.1395852677189,0,0,15.3037538135032,5.4585599327939,31.0170447008885,0,0.43910554008047,0,0,2.20050183490295,0,0,0,0,0,0.48442543219702,0,0,0,0
197_3,0,0,0,0,0,0.55538276980495,42.4551250721991,18.3987203980984,0,0,14.9534033856134,3.19345092637846,11.984882481006,0,0.721997600746434,0,0,5.59881370240369,0,0,0,0.33322966188297,0,1.80499400186609,0,0,0,0
197_4,0,0,0,0,0,0.346633466883505,34.1948137856127,21.8269316872097,0,0,8.50869616710044,0.0317747344643213,14.5692934743361,0,11.5394281125518,0,0.404405711364089,8.23138939359364,0,0,0,0.346633466883505,0,0,0,0,0,0
197_5,0,0,0,0,0,0,2.00635575023619,57.0090755532648,0,0,5.34856423029572,0,12.4747344613359,0,17.6672678862838,0,1.71347590827106,3.78052621031233,0,0,0,0,0,0,0,0,0,0
197_6,0,0,0,0,0,0.478618425683228,0.723276903282478,44.3915774418682,0,0,20.0833922221689,0,0.565051282556611,0,22.4728243273298,0,4.56489362001637,6.72036577709331,0,0,0,0,0,0,0,0,0,0
197_7,0,0,0,0,0,1.88380784051904,1.67298758071978,24.1964035892078,0,0,36.6738602269994,0,0.0022162445182577,0,12.4721930570601,0,10.7005825952778,12.3979488656985,0,0,0,0,0,0,0,0,0,0
197_8,0,0,0,0,0,0,32.939079082983,3.90122287528901,0,0,43.2404802362192,0,0.501406724421293,0,13.460542076381,0,5.77676258391598,0.180506420791665,0,0,0,0,0,0,0,0,0,0
197_9,0,0,0,0,0,5.1214877456564,59.9284908627225,17.6883712918873,0,0,10.1954694210926,0,0.653972452035538,1.96358423576346,0.804825060980014,0,0,0.27781327614084,0,0,0,0,0,3.36598565372243,0,0,0,0
198_1,0,0,0,0,0,0.888646979433377,2.10331631944637,5.36603924487224,0,0,44.8264083666106,0,0,0,36.3953701492366,0,2.49515409694027,7.36966048131341,0,0,0,0,0,0.55540436214586,0,0,0,0
198_10,0,0,0,0,0,0.870733406309085,46.718026116473,48.7281763801808,0,0,0,0,0,3.68306409703563,0,0,0,0,0,0,0,0,0,0,0,0,0,0
198_11,0,0,0,0,0,3.33065434521459,75.390417552955,21.0923455724276,0,0,0,0,0,0.186582529400238,0,0,0,0,0,0,0,0,0,0,0,0,0,0
198_12,0,0,0,0,0,8.20304805133909,38.0218463100723,41.7080296426196,0,0,0,6.47371034911368,5.54980620208807,0,0,0,0.043559444769676,0,0,0,0,0,0,0,0,0,0,0
198_13,0,0,0,0,0,14.9647190259444,5.1216495351628,19.4844895691702,0,0,0,60.4291418697204,0,0,0,0,0,0,0,0,0,0,0,0,0,0,0,0
198_14,0,0,0,0,0,12.0508098929331,17.4937424882293,17.6919429711879,0,0,0,47.7040169366319,4.59086348149211,0,0,0,0.468624229526634,0,0,0,0,0,0,0,0,0,0,0
198_15,0,0,0,0,0,4.9417667084752,46.8157071382306,38.574834948245,0,0,0,2.46027042300112,6.63129022921178,0.107507615122738,0,0,0.468622937714498,0,0,0,0,0,0,0,0,0,0,0
198_2,0,0,0,0,0,0,9.49216581461438,0,0,0,55.6772641527689,0,1.97863931261341,0,32.8519307200055,0,0,0,0,0,0,0,0,0,0,0,0,0
198_3,0,0,0,0,0,0,6.92262011628389,2.94300432266707,0,0,46.2920355204476,0,3.66446160007733,0,40.1778784405262,0,0,0,0,0,0,0,0,0,0,0,0,0
198_4,0,0.387386689393352,0,0,0,5.10381963275744,58.4964969175104,4.44028157478225,0,0,20.6009474371601,0,9.0465860164474,0,1.92448173195055,0,0,0,0,0,0,0,0,0,0,0,0,0
198_5,0,0,0,0,0,11.8974492235986,87.8711646435327,0,0,0,0,0,0.231386132865954,0,0,0,0,0,0,0,0,0,0,0,0,0,0,0
198_6,0,0,0,0,0,2.56391149675578,91.2512384879305,0,0,0,0,0,1.98710040652762,0.0375341187899662,0,0,0,0,0,0,0,0,0,4.16021548999963,0,0,0,0
198_7,0,0,0,0,8.31553904910667,1.03137610054532,42.9613566306901,0,0,0,0.332344608124164,0,22.7492653799396,11.3828028282526,0,0,0,4.53844257777555,0,0,0,0.470821528175899,0,8.21805129739025,0,0,0,0
198_8,0,0,0,0,7.11599205219683,0,44.9189053255265,0,0,0,0,0,13.6497163275402,3.66494316878581,7.99892776508108,0,0,5.0080003095111,0,0,0,0,0,17.6435150513594,0,0,0,0
198_9,0,0,0,0,0,0,43.9513978506493,26.7209576734636,0,0,0,0,8.08064618641144,1.06500274955302,9.84588686211065,0,0,2.11839934563402,0,0,0,0,0,8.21770933217644,0,0,0,0
20_1,0,0,0,0,0,36.4470387354598,8.04409429549521,43.4132477551019,0,0,0,7.22900612637065,0,4.86661308757399,0,0,0,0,0,0,0,0,0,0,0,0,0,0
20_2,0,0,0,0,0,0.452884993819256,0.0199557647215339,93.7277922826578,0,0,0,5.79936695879689,0,0,0,0,0,0,0,0,0,0,0,0,0,0,0,0
20_3,0,0,0,0,0,13.681681449205,1.71418460109265,83.3876158456972,0,0,0,1.21651810400124,0,0,0,0,0,0,0,0,0,0,0,0,0,0,0,0
20_4,0,0,0,0,0,13.9282360090603,2.60620960167946,80.1010993867717,0,0,0,1.92807027236064,1.43638473012541,0,0,0,0,0,0,0,0,0,0,0,0,0,0,0
20_5,0,0,0,0,0,10.2953719704019,2.43946342327972,84.1043023616488,0,0,0,2.55161947804511,0.609242766626789,0,0,0,0,0,0,0,0,0,0,0,0,0,0,0
200_1,0,0,0,0,0,8.59527943990359,62.7263225421117,28.2503622266706,0,0,0,0.428035791313196,0,0,0,0,0,0,0,0,0,0,0,0,0,0,0,0
200_2,0,0,0,0,0,10.0915058573653,67.4227042374395,9.31208284499031,0,0,0,13.1737070602024,0,0,0,0,0,0,0,0,0,0,0,0,0,0,0,0
200_3,0,0,0,0,0,31.7041751079001,57.3119439795627,6.65325244428785,0,0,0,4.33062846824628,0,0,0,0,0,0,0,0,0,0,0,0,0,0,0,0
200_4,0,0,0,0,0,18.6966473528238,60.4941616170558,16.8492082798883,0,0,0,3.95998275023221,0,0,0,0,0,0,0,0,0,0,0,0,0,0,0,0
200_5,0,0,0,0,0,21.2447448037409,34.4120635170112,34.9638240428396,0,0,0,7.83971440920085,0,1.53965322720971,0,0,0,0,0,0,0,0,0,0,0,0,0,0
200_6,0,0,0,0,0,0.626360714655976,53.5067560562594,39.6421536441226,0,0,0,6.22472958496046,0,0,0,0,0,0,0,0,0,0,0,0,0,0,0,0
200_7,0,0,0,0,0,13.6167647625187,7.03331910036476,66.5505702955147,0,0,0,11.7388501435856,0,1.06049569801548,0,0,0,0,0,0,0,0,0,0,0,0,0,0
200_8,0,0,0,0,0,0,1.89246384979639,55.5862217580868,0,0,0,42.5213143921194,0,0,0,0,0,0,0,0,0,0,0,0,0,0,0,0
200_9,0,0,0,0,0,5.73086527760092,2.60463674066036,35.9984163985798,0,0,0.526021450601049,54.5309826634404,0,0.609077469117004,0,0,0,0,0,0,0,0,0,0,0,0,0,0
202_1,0,0,0,0,0,8.70637140551233,5.65748305712483,19.9851300704251,0,0,0.525146211761064,64.517805220508,0,0.608064034670705,0,0,0,0,0,0,0,0,0,0,0,0,0,0
202_2,0,0,0,0,0,20.0865940073275,16.4801373560118,33.459855523526,0,0,0,28.3368552823494,1.63655783078566,0,0,0,0,0,0,0,0,0,0,0,0,0,0,0
202_3,0,0,0,0,0,1.58696382573636,7.70131033710385,29.631257699631,0,0,0,61.0804681375307,0,0,0,0,0,0,0,0,0,0,0,0,0,0,0,0
202_4,0,0,0,0,0,0,0,3.10603227370316,0,0,0,96.8939677263057,0,0,0,0,0,0,0,0,0,0,0,0,0,0,0,0
202_5,0,0,0,0,0,0,0,2.85840860838214,0,0,0,97.1415913916227,0,0,0,0,0,0,0,0,0,0,0,0,0,0,0,0
202_6,0,0,0,0,0,0,0,7.01038335365242,0,0,0,92.9896166463535,0,0,0,0,0,0,0,0,0,0,0,0,0,0,0,0
202_7,0,0,0,0,0,0,0,1.05621418938192,0,0,0,98.9437858106182,0,0,0,0,0,0,0,0,0,0,0,0,0,0,0,0
202_8,0,0,0,0,0,0,0.462115216876448,28.8891327830314,0,0,0,70.6487520000964,0,0,0,0,0,0,0,0,0,0,0,0,0,0,0,0
203_1,0,0,0,0,0,6.27573241335772,0.503919217873073,3.28571942774711,0,0,0,0,20.9608244339906,48.6594918168517,0,0,0,0,0,0,0,0,0,19.5420980205941,0,0.772214669586813,0,0
203_10,0,0,0,0,0,12.0471415909594,1.93912031907822,7.38893197429645,0,0,0,0,2.72878351429205,10.6669621094615,0,0,0.849490361178817,0,3.31985375581654,0,0,5.74617770884111,0,53.4854863727007,0,1.8280522933747,0,0
203_11,0,0,0,0,0.303489299243208,9.08039983335681,2.6762238205992,2.00937506035299,0,0,0,0,0.284452243199771,5.80768159006319,0,0,1.56876377772444,0.35728967501814,7.25891223917164,0,0,1.43522848605742,0,64.727370044501,0,4.49081393071063,0,0
203_12,0,0,0,0,0.303192339707723,6.5167058979179,0.230426178177869,0,0,0,0,0,0,4.35604703340078,0,0,0,0,3.01042430389795,0,8.79368036912284,4.76067099221072,0,46.9049574703844,0,19.1959339150952,5.92796150008545,0
203_13,0,0,0,0,0,0,0,0,0,0,0,0,0.24893579945732,17.3743358254575,0,0,0,0,0,1.4305510608814,17.2227615831213,0.304254866003391,0,7.57871211681175,3.386080063285,17.7637820539418,34.6905866310409,0
203_2,0,0,0,0,0,6.45040356371012,14.986161954748,3.65798526882194,0,0,0,0,37.1033277466584,18.1581616901159,0,0,0.762470780223173,0.327482027080669,0.385921580734795,0,0,0.826974815860274,0,17.341110572046,0,0,0,0
203_3,0,0,0,0,0,4.16408242023293,16.4240346403876,30.6462913192289,0,1.98125559920061,0,0,42.3155996600284,1.32399558955275,0,0,1.21832862426205,0.795373624606621,0.401993889692877,0,0,0,0,0.729044632807296,0,0,0,0
203_4,0,0,0,0,0,1.99887589060873,1.42304534458912,32.1175686175101,0,0,0,0,58.9876403070361,0.238597728637789,0,0,0,0,0,0,0,0,0,5.23427211161746,0,0,0,0
203_5,0,0,0,0,0,2.34714559482192,9.40459819628761,44.9624732839617,0,0,0.191361399671952,0,18.3560592253869,10.0985248880273,0,0,0,0,0,0,5.52269551722805e-4,2.43164283623551,0,11.7810140773508,0,0.415030568119688,0.0115976605861789,0
203_6,0,0,0,0,0,5.32455083796072,8.17923444735393,38.0333842882026,0,0,0,0,5.46064784410604,25.5163721624339,0,0,0,0,0,0,0,0.363297963016267,0,13.2659648495248,0,3.85654760740345,0,0
203_7,0,0,0,0,0,2.5856760615106,10.7058144575852,36.2221074751004,0,0,0,3.03742382279118,2.65608906831166,23.5508036747303,0,0,0,0,0,0,2.14359283057526,3.72940419551069,0,9.88405324880094,0,5.48503516508397,0,0
203_8,0,0,0,0,0,1.25560140201429,12.1087337503884,21.5825901770269,0,0,0,3.05026842362128,5.10559474688318,5.68597763875949,0,0,0,0,0,0,1.63605306357869,2.95571010248902,0,36.4970162828871,0,5.35294378632593,4.769510626026,0
203_9,0,0,0,0,0,9.07719555051482,3.96118153832401,5.58252834004706,0,0,0,0,9.21687049897476,24.2676842452243,0,0,0,0,0,0,5.58699793839776e-4,2.5404079625894598,0,42.4122980998631,0,1.91466419348891,1.02661087118059,0
204_1,0,0,0,0,0.417133227641105,2.521923746383,4.72704797170699,17.134336300846,0,0,1.28355081541924,0,42.8009179702668,6.04219558975152,0,0,0.304881428840675,2.46676792425637,0,0,0,4.11728511402565,0,18.1839599108639,0,0,0,0
206_1,0,0,0,0,0,14.1853761968395,6.84586586564481,2.33017857340062,0,0,0,0,13.8960364877253,33.2867665735327,0,0,1.46326379609281,0,0,0,0,1.74404479243741,0,25.7515101986728,0,0,0.496957515654162,0
206_10,0,0,0,0,0,14.3654883957049,10.4234491739596,3.81374637193338,0,0,0,0,26.1452550958477,37.0046240605652,0,0,0,0,0,0,0,0,0,8.24743690198977,0,0,0,0
206_11,0,0,0,0,0,1.88258450816825,23.3642824455676,14.0384732016342,0,8.28679020581897,0,0,24.9193650653621,25.061337685322,0,0,1.15783495889686,0,0,0,0,0,0,1.28933192922872,0,0,0,0
206_12,0,0,0,0,0,0.89778377708296,33.5268109254693,5.56328425228305,0,5.6406936543574,0,0.798887067671244,48.6998801669406,1.70796545502128,0,0,2.44845112326277,0,0,0,0,0,0,0.71624357791215,0,0,0,0
206_13,0,0,0,0,0,0,41.8785328251308,26.4797559301857,0,6.6703045636315,0,0.33071790589422,10.0684310466945,0.894040738934041,0,0,13.0854051432145,0.570763985922441,0,0,0,0,0,0.022047860392948,0,0,0,0
206_14,0,0,0,0,0,1.70935929353835,15.9709298638855,15.3048311456292,0,6.59123429526148,0,0,22.5753979085166,24.5792081255226,0,0,5.42473442897749,0,0,0,0,0,0,7.84430493866983,0,0,0,0
206_15,0,0,0,0,0,0.649168072508352,1.52988654030631,3.13530261431422,0,27.2838036011602,0,0,34.6686072795037,28.7910864124025,0,0,1.15968156307543,0,0,0,0,0,0,2.78246391673006,0,0,0,0
206_16,0,0,0,0,0,0,9.6250685614904,4.38297414921736,0,36.6130761576906,0,0,21.8707708929943,25.4814463649316,0,0,0.384771218230879,0,0,0,0,0,0,1.64189265544509,0,0,0,0
206_17,0,0,0,0,0,5.93399214598449,29.9564369078191,5.40727225694242,0,13.0441602615436,0,0,22.7372922634923,0.801362756996101,0,0,7.24969109557183,3.5901711977236,0,0,0,0,0,11.2796211139272,0,0,0,0
206_18,0,0,0,0,0,4.04345285348859,6.2251918496957,13.4620049395783,0,0.928651759724795,0,0,28.1321667989771,4.57820631560379,0,0,7.6910778865661,1.42867381141395,0,0,0,0.248081503043133,0,33.2624922819093,0,0,0,0
206_19,0,0,0,0,0,3.4975845943138,1.62009926173738,9.56462071379161,0,0.0837744813009295,0,0,44.4947213809556,14.1631232449383,0,0,7.66701848274493,0,0,0,0,0,0,18.9090578402165,0,0,0,0
206_2,0,0,0,0,0,8.07969329256377,4.64794973344745,3.50660395273887,0,0,0,0,9.84606831561361,42.1034669719811,0,0,0.688055088442601,0.467877460140969,0,0,0,3.85310849527856,0,26.8071766897952,0,0,0,0
206_20,0,0,0,0,0,0.590331491712707,0.187292817679558,19.2030386740333,0,0,6.04171270718231,0,18.0395027624311,4.20966850828729,0.451104972375691,0,4.61685082872928,0,0,0,0,0,0,46.6604972375697,0,0,0,0
206_21,0,0,0,0,0,7.34158824682983,3.32056335227195,17.4187329269403,0,0,3.98677519769533,0,5.43741558416447,1.24707565592313,0,0,0,0,0,0,0,0,0,61.2478490361747,0,0,0,0
206_22,0,0,0,0,0.234446840766688,15.4986206572796,6.63768988399163,24.6638628775934,0,0,0.993844734887292,7.42276923416796,23.0647089849198,2.02800659433517,0,0,0,0,0,1.32549450610142,0,0,0,18.1305556859573,0,0,0,0
206_3,0,0,0,0,0,14.3414754910052,8.11520052813999,0.550145788633988,0,0,0,0,2.86543434010012,44.6096715629646,0,0,0,0.357594762612092,0,0,0,5.5776530780657,0,23.582824448479,0,0,0,0
206_4,0,0,0,0,0,24.6376731759716,17.9072906051175,2.20315641611811,0,0,0,0,6.98956124163386,20.4607926846063,0,0,0.358057674828545,0,0,0,0,0,0,27.443468201724,0,0,0,0
206_5,0,0,0,0,0,8.93171763588259,19.4201273632062,2.61878855829932,0,0,0,0,11.0951247397228,31.7924741932103,0,0,1.02177767222477,0,0,0,0,4.26191751768781,0,19.9553179385499,0,0,0.902754381216964,0
206_6,0,0,0,0,0,4.88228073321105,9.91352081982816,19.0372812159497,0,0,0,0,0.780105650800656,32.0783967559964,0,0,0.662041570693626,0,0.524116243465788,0,0,3.14718011668483,0,24.5366398631781,0,0,4.43843703019186,0
206_7,0,0,0,0,0,3.76948890392609,2.34129230939196,7.05204866529489,0,0,0,0,5.37058263019069,27.7077320370654,0,0,0,0,0,0,0,1.36964357228675,0,48.8373634568383,0,0.0538577327275489,3.49799069227901,0
206_8,0,0,0,0,0,0.0779433998247655,0,2.40767714848771,0,0,0,0,8.09754533569557,38.7950834851209,0,0,0,0,0.525150566195229,0,0,6.54171768458353,0,41.399001108345,0,0,2.15588127174884,0
206_9,0,0,0,0,0,4.5184859714427,3.302576346689,1.12029491335262,0,0,0,0,8.84740057866239,36.9324258226051,0,0,0,0,0,0,0.718492050990828,11.1432590246746,0,33.1683565047025,0,0,0.248708786881441,0
21_1,0,0,1.75463292648593,0,4.01382287509178,1.18051990350485,3.04279902179973,12.6271743150665,0,0,21.8044261905947,21.8336838734966,20.1425345985903,3.118151356066,0,0,1.40768096980938,1.55507344782472,0,0,0,0.226333018675234,0,7.29316750299478,0,0,0,0
23_1,0,0,0,0,0,1.53053299605024,3.74644965162206,73.1940376336953,0,0,0.443793547241823,0.832112901078418,13.4680246749212,1.44232902853592,0,0,0,0,0,0,0,1.30364354502285,0,4.03907602183464,0,0,0,0
23_2,0,0,0,0,0,3.63890774349332,10.9325796437037,75.6028218851889,0,0,0,0.834548064404856,1.53584662119307,0.69545672033738,0,0,0,0,0,0,0,0,0,6.75983932167936,0,0,0,0
23_3,0,0,0,0,0,2.33436568755628,5.20841754314563,88.4000925494832,0,0,0,0.390268923164412,3.6668552966462,0,0,0,0,0,0,0,0,0,0,0,0,0,0,0
23_4,0,0,0,0,0,0,3.51976489862098,89.6065035707161,0,0,0,0,6.59224041593125,0,0,0,0,0,0,0,0,0,0,0.281491114732963,0,0,0,0
23_5,0,0,0,0,0,4.39345512206038,2.15390905348999,87.9831930451735,0,0,0,0,5.46944277928027,0,0,0,0,0,0,0,0,0,0,0,0,0,0,0
23_6,0,0,0,0,0,1.65590980859256,4.99210548184262,66.9031328772037,0,0,0,0,26.0967840226028,0,0,0,0,0,0,0,0,0,0,0.352067809755962,0,0,0,0
23_7,0,0,0,0,0.372552106203586,1.14803491882009,3.23062604771649,43.27542067457,0,0,11.7857922048513,6.66064618044336,26.1811061676841,4.57639803699008,0,0,0,0,0,0,0,1.06131782367708,0,1.70810583904313,0,0,0,0
25_1,0,0,0,0,1.19524384328148,24.6934332096162,10.3389438534346,49.5535462473044,0,0,3.20160644382524,0.384125086019201,1.45753189761177,6.86574235980282,0,0,0,0.423045248919825,0,0,0.33843619913586,0,0,1.54834561104656,0,0,0,0
26_1,0,0,0,0,0,0.939356035818126,25.5357394322446,53.8072635802112,0,0,0,0,16.3680442231813,0,0,0,3.34959672854489,0,0,0,0,0,0,0,0,0,0,0
26_2,0,0,0,0,0,1.18275784647709,2.11244376564375,43.5860264381176,0,0,3.74701677259838,0,37.1957523831179,0,0,0,10.2079735674271,1.96802922661995,0,0,0,0,0,0,0,0,0,0
27_1,0,0,0,0,0,3.05425157292421,4.46450762515675,54.9340810017568,0,0,14.1346752641088,2.8724542085671,20.12114239118,0,0,0,0,0,0,0,0,0.418887936306693,0,0,0,0,0,0
27_2,0,0,0,0,0,0.783229928334461,1.37484824920138,51.8895422021062,0,0,27.6161278231246,8.98476617789386,9.35148561933903,0,0,0,0,0,0,0,0,0,0,0,0,0,0,0
27_3,0,0,0,0,0,0,11.5936817987976,57.1408662301782,0,0,15.2536562115877,4.66450931368861,7.04930415610986,0.702393992858994,0,0,0,0,0,0,0,0,0,3.59558829677819,0,0,0,0
27_4,0,0,0,0,0,2.5734602921823,15.9024805635734,66.3968238169479,0,0,0.465036550435177,4.228183095009,1.71416564369685,2.9583181270252,0,0,0,0,0,0,0,0,0,5.76153191112879,0,0,0,0
27_5,0,0,0,0,0,1.85494880051475,6.60013970083156,90.8884335247232,0,0,0,0.0857913820238071,0.570686591908366,0,0,0,0,0,0,0,0,0,0,0,0,0,0,0
28_1,0,0,0,0,0,1.76319201881797,15.8661744635091,45.5705971982994,0,0,5.54579787701921,5.3519999773004,18.8191096646418,0,0,0,3.08090423886797,3.15098927727286,0,0,0,0,0,0.851235284270023,0,0,0,0
29_1,0,0,0,0,0,0,11.4971085116319,57.558278756243,0,0,0,0,28.3551442152274,0.808179978687995,0,0,0,0,0,0,0,0,0,1.78128853821195,0,0,0,0
33_1,0,0,0,0,0,0,8.32075034993555,15.6473531648499,0,0,26.4644939436351,0,37.1565396611953,0.479439221434791,11.573221941784,0,0.358201717163924,0,0,0,0,0,0,0,0,0,0,0
34_1,0,0,0,0,0,0.668341232755404,44.884404814284,3.87192354176297,0,0,34.961765311976,0,0.336676896000535,0,14.0237483918039,0,1.25313981141638,0,0,0,0,0,0,0,0,0,0,0
34_2,0,0,0,0,0,0,34.4717428992011,4.13261316614768,0,0,42.6328956119322,0,8.45027701948737,0,9.97854525115415,0,0.333926052075768,0,0,0,0,0,0,0,0,0,0,0
39_1,0,0,0,0,0,1.17912158355834,0.968217275837858,14.8834614947011,0,0,44.3576160043081,0,0.794221221968458,0,18.7221974008819,0,5.61338465338154,13.4817803653641,0,0,0,0,0,0,0,0,0,0
4_1,0,0,0,0,0,2.74900849858357,22.4770538243629,39.5424929178466,0,0,2.79603399433428,0,12.6189801699716,0,0,0,3.77223796033994,9.31104815864016,0,0,4.5968838526912,0.802549575070822,0,1.33371104815864,0,0,0,0
4_2,0,0,0,0,0,0.844628319173007,8.77681403757849,64.5904966835984,0,0,1.94270059229353,0,9.65721289292135,1.55282947714013,0,0,2.54580846957563,4.57419197408991,0,0,3.59258191175491,1.49737128152798,0,0.425364360345172,0,0,0,0
4_3,0,0,0,0,0,2.2343612725494,30.7736011684527,34.8116368594776,0,0,3.40891139324703,0,15.813468802918,2.46661068291859,0,0,0.859156530005348,5.40991466635625,0,0,3.24262303260084,0.388006174841125,0,0.591709416632716,0,0,0,0
4_4,0,0,0,0,0,0.790827099857108,44.4323920928866,22.1391092058756,0,0,1.73553862441209,0,22.9924156962116,2.32215067946337,0,0,0,4.77764857656906,0,0,0.809918024725641,0,0,0,0,0,0,0
40_1,0,0,0,0,0,4.97018940129224,14.3595574165996,50.0551842710976,0,0,4.53065638778735,5.83012118355008,14.438590166662,0,0,0,2.04431380161394,2.93946368653116,0,0,0,0,0,0.83192368486730806,0,0,0,0
40_2,0,0,0,0,0,0.774796961689058,8.4934349793157,37.3554519418355,0,0,2.01696251919698,0.252085725749547,38.4077922437296,0,0,0,7.66246523790418,4.51125530943452,0,0,0,0,0,0.525755081146146,0,0,0,0
40_3,0,0,0,0,0,1.01390160659286,0.686201059962818,57.1097977191376,0,0,0.751685673853325,0,29.6587030716723,1.92041954549238,0,0,7.40087127833735,0.182025028441411,0,0,0,0,0,1.27639501650989,0,0,0,0
40_4,0,0,0,0,0,2.46141862889036,15.3005816625011,63.4429600905542,0,0,0,0.972519528842167,13.6858798345792,1.68110549497349,0,0,0,1.22272406334406,0,0,0,0,0,1.2328106963139,0,0,0,0
41_1,0,0,0,0,2.35706508454992,7.60338199675577,2.84481034597693,2.44622580716841,0,0,0.638846299135614,0.416638890740617,55.4707463946842,1.07437281958981,0,0,1.01965424527254,0.833277781481235,1.8562651378797,0,0,6.99786680887941,0,16.4408483878853,0,0,0,0
41_2,0,0,0,0,0,0.96972073920837,2.14410199329951,0.331434032198816,0,0,0,0,55.6900318452859,1.88144052278195,5.23113380820466,0,0.663420454451297,2.67632981000544,1.2876212150924,0,0,0.851233072697293,0,28.2735325067738,0,0,0,0
41_3,0,0,0,0,0,1.65269272511542,2.81165825980847e-4,0.31884204666228,0,0.372263553598641,0,0,45.9247825182348,0.880892532797993,2.73743048174952,0,5.58057931406784,0.683232957133458,0.365515573775101,0,0,5.38798072327096,0,36.0955064077697,0,0,0,0
42_1,0,0,0,0,0,0,2.32633903920486,7.11540585311981,0,1.54610712313639,0,0,3.01518498067366,2.7457205963556,0,0,0,0.189950303699613,0,0,0,4.44864715626724,0,68.1314191054693,0,5.68636112644946,4.79486471562671,0
43_1,0,0,0,0,0.851236768699314,6.18328930596863,1.81035597509837,6.24868379731402,0,0,1.34446640681285,0,38.9540575988764,5.99782018362182,0,0,0.3694604030813,0.828330223708274,1.07143516893577,0,0,8.90953762030559,0,27.0278757874127,0,0.403450760164779,0,0
44_1,0,0,0,0,0,0,0,0,0,0,0.459462486323812,0,0.344596864742859,8.65598607828664,0,0,0,0,0,0,37.1363426211766,0,0,19.5555849101031,3.5369996525315,4.61960813593199,25.260673169975,0.430746080928574
44_2,0,0,0,0,0,0,0,2.18130311614731,0,0,0.0937677053824363,0,4.03116147308781,8.41898016997162,0,0,0,0,0,1.45552407932011,18.715864022663,0,0,25.6832861189805,5.3668555240793,2.98186968838527,30.6464589235127,0.424929178470255
47_1,0,0,0,0,0.0199938569598906,5.05641744855205,7.93292495639021,4.6411827090807,0,0,3.26015774863375,0,58.6089491344712,1.97040909169936,0,0,4.4592096341414,0.419001698029011,0.956227941559985,0,0,0,0,12.6755257804848,0,0,0,0
47_2,0,0,0,0,0,16.851558525644,9.33034269065341,4.92531101142303,0,0,1.18132312815058,0,29.0954654765761,19.0277713545762,0,0,0.616531008648199,0.323151274106276,1.61835776719234,0,0,0,0,17.0301877630301,0,0,0,0
47_3,0,0,0,0,0,2.62159268622165,0.2121601094152,6.98110457783783,0,0,0.36434364892967,0,41.287142032365,17.7653963218108,0,0,0,0.252237910797464,2.14121959832514,0,0,1.37273476342887,0,27.0020683508686,0,0,0,0
48_1,0,0,0,0,0,3.69426437255668,12.6701282769853,1.90353316906547,0,0,0,0,0,0.362023808264859,0,0,0,0,0,0,0,1.33952334119422,0,39.8148637740018,0,10.5691916681649,29.6464715897675,0
48_2,0,0,0,0,0,7.47019110436509,9.31463820033904,42.0351907297608,0,0,0,0,0,0.346857058818633,0,0,0.499474164698831,0,4.14258322488269,0,0,1.05444545880864,0,26.4749055855085,0,4.41646155852588,4.245252914293,0
48_3,0,0,0,0,0,1.52770118796572,2.59346189337405,80.0803061498799,0,0,0,0,8.56127846947227,4.09594617437353,0,0,0,0,0.0604097331718712,0,0,0,0,3.08089639176544,0,0,0,0
49_1,0,0,0,0,0,0.740864760788581,2.7522218966696,74.1869323176094,0,0,0,0,2.64674284598106,3.72608932233896,0,0,0,0,1.92541124272739,0,0,0.39066315069831,0,13.631074463187,0,0,0,0
5_1,0,0,0,0,0,0,13.4919275997106,57.31072803495,0,0,0.745378322995432,5.49022640279704,21.294787598937,0,0,0,0,0.303785163132633,0,0,0.359018829156748,0,0,1.00414804831841,0,0,0,0
5_2,0,0,0,0,0,0.403538455773626,8.21431350902633,52.364591229955,0,0,16.9255558021623,1.03767031484647,12.0081514768067,2.62299996252857,0,0,0,0,0,0,0,0.662956034485244,0,5.76022321441441,0,0,0,0
5_3,0,0,0,0,0,0.537757118601609,14.3518802015196,19.1758287638821,0,0,12.5034096918751,0.458707935535948,48.0374091908584,0,0,0,0,0.745122053052022,0,0,0.841706794332953,0,0,3.34817825034097,0,0,0,0
5_4,0,0,0,0,0,0,17.7263225058976,20.3821085653995,0,0,18.4038417946283,9.98144587821437,33.4508707564087,0,0,0,0,0.0554104994500928,0,0,0,0,0,0,0,0,0,0
5_5,0,0,0,0,0,0.339304143751856,10.7519828085901,42.3434606195131,0,0,12.3184369389111,9.01813863401808,24.5500685677119,0.311028798439201,0,0,0,0,0,0,0.36757948906451,0,0,0,0,0,0,0
5_6,0,0,0,0,0,0.115639316258278,10.5528502179676,24.7340573038572,0,0,15.1384898670009,0,45.2906789719462,0.693281272531642,0,0,0,0.443700014420251,0,0,3.03130303601735,0,0,0,0,0,0,0
5_7,0,0,0,0,0,0,36.2857427802072,42.2467908076755,0,0,6.3257775434897,0,13.7542919830744,0.561056575816724,0,0,0,0,0,0,0.826340309735144,0,0,0,0,0,0,0
50_1,0,0,0,0,0,2.36560034388563,29.0389228614611,36.0852503570585,0,0,0,0,14.5108642899732,7.61179749573607,0,0,0,0,0,0,0,0,0,10.2430772217369,0,0.144487430148231,0,0
50_2,0,0,0,0,0,0.295267870149371,2.26325343732141,25.3070337625089,0,0,0,0,67.2563619860853,0,0,0,0,0,0,0,0,0,0,4.87808294393832,0,0,0,0
50_3,0,0,0,0,0,2.01539126867078,11.6113704660627,13.8330136059702,0,0,0,0,50.2830418824381,9.92808906532416,0,0,0,0,0,0,0,0,0,12.3290937115357,0,0,0,0
51_1,0,0,0,0,0,10.6351435049339,12.6336469394675,2.06996863938658,0,0,0,0,11.1684701121302,24.1459908020075,0,0,0.504460269549937,0,8.07752993831571,0,0,0.924843827508218,0,29.8399459667001,0,0,0,0
51_2,0,0,0,0,0,1.14280819490064,0,18.4990784281291,0,0,0,0,6.33048985089437,28.6809707223701,0,0,0.0366265743519459,0,3.2718755169073,0,0,0.974739478721142,0,41.0634112337239,0,0,0,0
51_3,0,0,0,0,0,0,1.9720762426129,23.3783933738696,0,0,0,0,5.45728211417046,21.8325428146262,0,0,0.97508372290209,0,2.04377775944141,0,0,2.60800040972296,0,41.7328435626557,0,0,0,0
51_4,0,0,0,0,0,1.92216367789059,1.83679699690192,10.6671603989056,0,0,0.989348951855453,0,26.9289477849888,13.362712286018,0,0,0,0,2.45782546753804,0,0,3.85082879175053,0,34.3880735397211,0,0,3.59614210443002,0
51_5,0,0,0,0,0,1.33688753785286,2.52207358247572,6.52142384759074,0,0,0,0,7.57347225283968,6.00453654178605,0,0,0,0,0.261054194850851,0,0,0.928192692803026,0,60.1248419171821,0,5.07808421028203,9.64943322233699,0
53_1,0,0,0,0,0,3.90011743618271,41.714287319701,0.280947805516691,0,0,0,0,2.45295528996623,25.0296399934816,0,0,0,0,0,0,0.345003905174497,0,0,26.2770482499757,0,0,0,0
53_2,0,0,0,0,0,5.36998005460228,27.5959430212328,2.76830803615633,0,0,0,0,16.5096968582464,42.7402996053348,0,0,0,0,0,0,0,0,0,5.01577242442673,0,0,0,0
53_3,0,0,0,0,0,0.392836899731187,7.70802116829698,0.77893945260984,0,0,0,0,37.0150568771703,38.8751395973974,0,0,0,0,0,0,0,0.711876581870016,0,14.5181294229227,0,0,0,0
53_4,0,0,0,0,0,10.9503878906773,9.37151678630348,0,0,0,0,0,25.6852177983858,34.7287551830215,0,0,0,0.21066476436756,0,0,0,0,0,19.0534575772437,0,0,0,0
53_5,0,0,0,0,0,2.04168450866631,4.43153290064734,0.00391824305981198,0,0,0,0,29.2309328497102,52.4053814269693,0,0,0,0.69968626068071,0,0,0,0,0,11.1868638102676,0,0,0,0
53_6,0,0,0,0,0,4.12242767046264,8.55167831328329,2.04278770586314,0,0,0,0,32.2021737248982,49.5905769891165,0,0,0,0,0,0,0,0,0,3.49035559637843,0,0,0,0
53_7,0,0,0,0,0,11.81134394502,27.4850764139537,2.53895712336158,0,0,0,0,21.7028900833527,25.5142109469443,0,0,0,0,0,0,0,0,0,10.9475214873672,0,0,0,0
54_1,0,0,0,0,0,2.24645296899632,13.9279512897257,0,0,2.66198679430648,0,0,27.662272384564,34.8211633804742,0,0,0.148506934131463,0,0,0,0,0,0,18.5316662478009,0,0,0,0
55_1,0,0,0,0,0,2.8545799030868,4.48768464646804,81.678431504051,0,0,0,0.481492038474651,6.81550164037044,0,0,0,0.279449819195967,0.39011194759757,0,0,0,0,0,3.01274850075171,0,0,0,0
55_2,0,0,0,0,0,15.1605696501406,2.27964994739269,54.7118748912653,0,0,0,0.358999991715385,21.2845572011252,0,0,0,0,0.970680746830445,0,0,0,0,0,5.23366757153075,0,0,0,0
56_1,0,0,0,0,0,19.795698031725,2.07623951499045,72.4029011986793,0,0,0,0.0960606815602248,5.62910057304211,0,0,0,0,0,0,0,0,0,0,0,0,0,0,0
56_2,0,0,0,0,0,29.3238325838813,0,57.7272915946043,0,0,0,0,10.1119335869941,0.719474230370114,0,0,0,0,0,0,0,0.719474230370114,0,1.3979937737807,0,0,0,0
57_1,0,0,0,0,0.473022418480151,7.29539693537118,18.480151144575,19.685523566255,0,0,1.59547679268541,0.589052035248518,6.89805810384786,17.3618704975916,0,0,2.05903876279595,0,0,0,0,0,0,25.5624097431486,0,0,0,0
59_1,0,0,0,0,0,11.80559667468,10.3501770425021,16.1037623011973,0,0,3.3244318652819,0,12.5190957213742,1.24344232203972,0,0,0.355269234868491,0,0,0,0,0,0,44.298224838055,0,0,0,0
6_1,0,0,5.75994548370745,0,4.39094386871768,1.5734377120886,22.613180865003,36.5525093284358,0,0,5.94360555467836,15.6626305773242,5.53694946993433,0.20028089187325,0,0,0.147648292349159,1.13575609499353,0,0,0,0,0,0.48311186089481,0,0,0,0
6_2,0,0,0,0,1.86946948610361,0,33.4211291595705,50.0660545885106,0,0,3.72509105008793,7.85924971957956,1.63543960228768,0,0,0,0.27695844238572,1.13552961378145,0,0,0,0,0,0.0110783376954288,0,0,0,0
6_3,0,0,0,0,0,0,57.7579601625356,19.41585366191,0,0,2.34344529609786,0,16.7136443727717,0.52694325886053,0,0,0,3.24215324782377,0,0,0,0,0,0,0,0,0,0
6_4,0,0,0,0,0,0,40.5478049050541,17.2919780767313,0,0,0.715827935558878,0,29.7638819686649,2.35287604495377,0,0,0.776449094834745,6.97364778829653,0,0,0,0.472789680562476,0,1.10474450534241,0,0,0,0
6_5,0,0,0,0,0.331735474132926,0,30.0519166017018,5.4399088833231,0,0,5.27791139345485,0,27.082054769527,0.967285353325924,0,0,3.30850846201906,7.92847783177696,0,0,10.5364715509187,3.54652866470943,0,5.52920101511055,0,0,0,0
6_6,0,0,0,0,0.367565978093068,0,22.7523340439608,7.18438334681073,0,0,7.24595064814132,0,32.1225097404982,0,0,0,0.693474478668921,8.8451689578279,0,0,18.0012374721261,2.07000906662746,0,0.71736626724497,0,0,0,0
6_7,0,0,0,0,0,0,23.0177709007363,21.7450297744644,0,0,4.14498054109815,0.448375298916866,41.3507525671671,0.75344633563089,0,0,0.586111501852112,3.31152998546444,0,0,3.14741876494585,1.49458432972289,0,0,0,0,0,0
64_1,0,0,0,0,0,3.5301870407893,0,53.5766854918683,0,0,0,0,17.5055890522322,12.345184792851,0,0,0,0,1.44083610989647,0,0,0.492698819370454,0,11.1088186929933,0,0,0,0
65_1,0,0,0,0,0,21.9693630550239,7.39874995483941,8.91722966870192,0,0,0,0,15.881715379891,30.5914231005455,0,0,0,0,0,0,0,5.96697857581558,0,8.96130640557826,0,0,0.313233859604755,0
66_1,0,0,0,0,0,7.19233739117832,4.60180247484872,3.61749398571067,0,0,0,0,8.81974972751021,31.8190054330698,0,0,0,0,0,0,0,6.92277457356391,0,34.1647873464361,0,0,2.86204906768062,0
66_2,0,0,0,0,0,0,0.425933482962661,3.78154118207169,0,0,0,0,2.23905552154889,31.5272960166863,0,0,0,0,0.396744428574667,0,0,2.8262372758394,0,45.5037520687402,0,0.365004874288694,12.9344351492892,0
66_3,0,0,0,0,0,8.52556866604275,13.9679752498014,2.7979044660344,0,0,0,0,0.76218776833351,8.28147562124733,0,0,0,0,0.450237500281399,0,0,1.35006930441522,0,53.0865388635383,0,1.61120705457843,9.16683550572925,0
67_1,0,0,0,0,0,0,0,0,0,0,0,0,0.966665759283288,43.8232901116389,0,0,0,0,0,0,0.393199464038884,12.8128582273964,0,39.4993058517159,0,0,2.5046805859277,0
68_1,0,0,0,0,0,7.21782001914216,0.389520778151223,2.56527255325306,0,0.278229127250874,0,0,15.4759387450752,30.0276003294233,0,0,0,0,0.516671489304872,0,0,0.827731653571349,0,42.7012153048287,0,0,0,0
68_2,0,0,0,0,0,1.07635740628459,1.20958097155858,2.2851039922569,0,0,0,0,3.59369872005251,28.1246349563065,0,0,0,0,1.02184421464847,0,0,13.8402318479416,0,43.9854705656575,0,0,4.86307732529356,0
68_3,0,0,0,0,0,12.1993734702786,7.96228666773487,5.45312905738771,0,0,0,0,25.9647949966024,29.551042282468998,0,0,0,0,0,0,0,4.60173373039333,0,14.1734393387737,0,0,0.0942004563611552,0
68_4,0,0,0,0,0,4.22882205583006,31.8013715845034,11.8471094809467,0,3.32594051311511,0,0,24.9103056650363,20.6859027296356,0,0,0.720040434951928,0.0704297318422485,0,0,0,0,0,2.41007780413906,0,0,0,0
7_1,0,0,0,0,0,2.1735094015436,7.67310063877843,0.177915725588549,0,0,0.609680056533969,3.43000457260042,4.13640205628455,4.7549501863681,0,0,0,0,0,1.02537100417077,26.370602336183,0,0,27.9405284817581,0,6.76384597264753,14.9440895675429,0
7_2,0,0,0,0,0,0,2.18805473321573,0,0,0,1.01191646565881,0,3.6882056621905,4.25924336120213,0,0,0,0,0,0,22.5399269448371,0,0,16.3773168982294,0,25.8844576388057,24.0508782958591,0
7_3,0,0,0,0,0,0.850427643615076,3.53634970728138,0,0,0,2.1648028723015,5.45531467252104,1.87580040248811,8.86760199414557,0,0,0,0,0,0,23.7602337175261,0,0,37.9813849249901,0,5.36498353457739,10.1431005305524,0
70_1,0,0,0,0,0,9.85116800098085,0.891710160758622,1.97848191918319,0,0,0,0,18.8527034144142,29.1918040689856,0,0,0,1.43342408341949,0,0,0,0,0,37.80070835226,0,0,0,0
70_2,0,0,0,0,0,16.053294636809,0,3.01674172620887,0,0,0,0,11.8529834396637,38.6870768158137,0,0,0.170903350329194,0.296459211350477,0.511009520138537,0,0,1.71923668838622,0,27.6922946113013,0,0,0,0
70_3,0,0,0,0,0,11.0866167933307,1.56542458688121,16.5393094186924,0,0,0,0,13.2296055094389,41.8056603661471,0,0,0.520520758439151,0,0,0,0,2.31055361779753,0,12.942308949273,0,0,0,0
72_1,0,0,0,0,0,0,12.6190173924084,80.0575147236559,0,0,0,0,7.32346788393289,0,0,0,0,0,0,0,0,0,0,0,0,0,0,0
72_2,0,0,0,0,0,0.048905631693085,36.1549553980645,35.862080529411,0,0,0.544669006684701,0,25.9361935209818,0,0,0,0,0,0,0,0,0,0,1.45319591316595,0,0,0,0
72_3,0,0,0,0,0,0.047851040550259,31.5145274080118,15.5557856385314,0,0,15.3025389034555,0,36.1241776476865,0,0,0,0,0,0,0,0,0,0,1.45511936176226,0,0,0,0
73_1,0,0,0,0,0,0,12.6679489207694,15.7173268054943,0,0,51.2996006139289,0,16.2718600733272,0,0.277544178094548,0,0.475155632897866,2.6522121658715,0,0,0,0.333053013713458,0,0.305298595904003,0,0,0,0
74_1,0,0,0,0,0,0.069620760247651,58.077527689446,21.6904583642986,0,0,16.1196924530541,0,4.04270073295189,0,0,0,0,0,0,0,0,0,0,0,0,0,0,0
74_2,0,0,0,0,0,0.303959766779961,30.0309486307991,46.190002486944,0,0,21.8549835585395,0,1.50515349968223,0,0,0,0.00110530824283622,0,0,0,0,0,0,0.113846749012131,0,0,0,0
75_1,0,0,0,0,0,0,0.759610905144878,19.7981437932567,0,0,54.4241825744218,0.293188050424997,22.9986637766308,0,0.188577661358038,0,0.477581296220357,0.334753245014269,0,0,0,0,0,0.725298697530916,0,0,0,0
75_2,0,0,0,0,0,0,5.886312968112,16.7408757295659,0,0,55.2287643095126,0,3.99132035770647,0,18.1527266351044,0,0,0,0,0,0,0,0,0,0,0,0,0
77_1,0,0,0,0,0,2.5485826518857,9.52326994139234,78.2279843629036,0,0,0.116774628115302,0.0358822307416291,6.42858491813188,0,0,0,0,0,0,0,0,0,0,3.11892126683159,0,0,0,0
78_1,0,0,0,0,0,0,0.150355004872616,38.930530419046,0,0,17.2479465404428,32.7072253932905,6.93637755812332,0.757900598635668,0,0,0,0,0,0,0.727829597661145,2.54183488792984,0,0,0,0,0,0
78_2,0,0,0,0,0,0,6.79370408536384,26.8903256545775,0,0,0.56067103236601,11.7400192799921,46.9046748440432,0,0,0,0.277011379627475,2.34240822612993,0,0,0,2.19199104699221,0,2.29919445090805,0,0,0,0
78_3,0,0,0,0,0,0.0106171052741867,5.88047933436341,4.09457046824229,0,0,4.44493494229046,4.05377843218884,68.8692503485468,1.94488604772668,0,0,0.698493768038601,2.07508528608908,0,0,0,5.63768290059319,0,2.29022136664497,0,0,0,0
78_4,0,0,0,0,0,0,4.18209900619374,2.41259341310826,0,0,16.6744153392514,5.22551757492551,53.9507309234443,3.91968422859105,0,0,0.103905018955645,0.879604349657551,0,0,0.193144764965599,1.27151036709987,0,11.1867950138071,0,0,0,0
79_1,0,0,0,0,0,6.42650463825209,10.5054249520978,3.5890207670921,0,0,3.67961046430199,0,53.8966979459372,1.66875758018231,0,0,6.67234838890395,0.0354610985788741,0.983375002607434,0,0,0,0,12.5427991620454,0,0,0,0
8_1,0,0,0,0,0,1.47337144513601,6.56745705453924,39.5067578302477,0,0,0,0,20.8669087908934,1.29275383324646,0,0,0,0,0,0,0,0.453773876784226,0,29.8389771691537,0,0,0,0
8_2,0,0,0,0,0,0.713262421939388,17.4958100326899,10.5636958000764,0,0,15.9575527272123,0,41.6474453644847,0,7.2891602918319,0,0,0,0,0,0,0,0,6.33307336176424,0,0,0,0
8_3,0,0,0,0,0,0.613340925235427,0,8.61247854412382,0,0,39.3223674572751,0.635729665633836,40.7176558712402,0,4.23865844456301,0,1.99011025763636,0.331685042939393,0,0,0,0,0,3.53797379135353,0,0,0,0
81_1,0,0,0,0,0,0.661655800561992,0.617360851570394,13.0769763160446,0,0,1.47169968024584,0,80.3020361834383,0,0,0,1.82162977727946,0,0,0,0,0,0,2.0486413908614,0,0,0,0
81_2,0,0,0,0,0,0.439528807404455,25.3321376378366,34.8285062663292,0,0,0,0,35.4728532837331,0,0,0,0,0,0,0,0,0,0,3.92697400469422,0,0,0,0
81_3,0,0,0,0,0,0.512705885640044,21.3070507536913,64.4162557103145,0,0,0,0,8.46593369748959,0.683142174599405,0,0,0,0,0,0,0,0,0,4.61491177826519,0,0,0,0
81_4,0,0,0,0,0,0.407892795193269,2.82685020450324,83.4086473272635,0,0,0.445480185876607,0.835275348518639,7.91562605279498,1.44781060409897,0,0,0,0,0,0,0,1.26015207579845,0,1.45226540595774,0,0,0,0
82_1,0,0,0,0,0,0.830330305395487,10.6188174989343,73.9951619420864,0,0,4.17102590076998,1.66066061079097,5.24768753009945,1.28175321476217,0,0,0,0,0,0,0,1.0240740433211,0,1.17048895383917,0,0,0,0
84_1,0,0,0,0,0,5.70881722683863,3.55518661213413,48.1159524210068,0,0,0.363764730541069,41.649544811457,0,0.606734198021495,0,0,0,0,0,0,0,0,0,0,0,0,0,0
85_1,0,0,0,0,0,2.00484384395982,6.34747684278473,9.20247598766415,0,0,0,0,41.4954126921945,3.63895156707732,0,0,2.72728275801193,1.03028230010868,0.962976040074809,0,0,4.17078135947612,0,28.4195166086467,0,0,0,0
87_1,0,0,0,0,0,1.220946297641,0,8.92929435730031,0,0,2.28124176664503,0.28917149154655297,72.6061420024815,1.76715911500671,0.964868876793667,0,0.28917149154655297,3.87168497015107,0,0,0,0,0,7.78031963088866,0,0,0,0
9_1,0,0,0,0,0,3.30047232517196,14.6431858319031,19.7061026402119,0,0,5.46753006270951,0,53.7712774336896,0,0.111931945377211,0,0.30401269114798,0,0,0,0,0,0,2.69548706978749,0,0,0,0
9_2,0,0,0,0,0,1.12122075572437,2.41257493478219,24.8281375784614,0,0,5.42213836965152,0.793126056417903,65.1940212625268,0,0,0,0,0,0,0,0,0,0,0.228781042433766,0,0,0,0
9_3,0,0,0,0,0.0466836643085431,1.2803478347343,2.07479883207969,21.376422263412,0,0,19.1237282844997,22.9515125231003,32.8702718978158,0,0,0,0,0,0,0,0.276234700050551,0,0,0,0,0,0,0
9_4,0,0,0,0,0,0.579139849490335,16.7080734985159,29.2012649926076,0,0,34.5908226898319,8.17048498793921,10.7502139816142,0,0,0,0,0,0,0,0,0,0,0,0,0,0,0
9_5,0,0,0,0,0,0,3.82613439624123,21.5227714284122,0,0,21.9528149059469,5.25515913000395,47.3738121614637,0,0,0,0.0693079779327852,0,0,0,0,0,0,0,0,0,0,0
93_1,0,0,0,0,0,2.18772964149282,20.7206044865285,40.4087688691688,0,0,10.0206431925146,5.10470249681657,13.5476560440239,0,1.99391923350929,0,0.444277404118541,4.34067999124908,0,0,0,0,0,1.23101864057846,0,0,0,0
94_1,0,0,0,0,0,15.4571345805811,4.2491130352979,13.6103550440112,0,0,0,0,7.56379405783841,33.8664203911542,0,0,1.50518698678659,0.313771829943699,2.38655886376738,0,0,1.88349141429641,0,19.1641737963238,0,0,0,0
96_1,0,0,0,0,0,3.91604819140331,1.75963899019427,5.46680100469708,0,0,0,0,0.321559834820985,53.9732364585868,0,0,0,0,1.02172586527409,0,0,4.2960734507372,0,26.3815294668576,0,0.681150576849395,2.18223616058125,0
96_2,0,0,0,0,0,9.54326051812514,12.0930393110074,1.20815330890179,0,0,0,0,0,13.9556089955643,0,0,0,0,1.12876037717396,0,0,2.47355007220154,0,54.4025681887493,0,1.2029755090065,3.9920837192712,0
96_3,0,0,0,0,0,7.8144340843111,6.03064078527144,7.73368278991536,0,0,0,0,0,5.18484781594295,0,0,0,0,7.87786157160465,0,0,1.59267258842825,0,57.734660746767,0,2.37503807046319,3.65616154729539,0
96_4,0,0,0,0,0,0.370063289390045,1.84948732830335,10.2772020009397,0,0,0,0,19.1321891496007,28.2571926042615,0,0,0,0,3.85097974186773,0,0,1.92327888787552,0,33.1951468921864,0,0,1.14446010557444,0
96_5,0,0,0,0,0,0,0,32.2633365461176,0,0,0,0,30.0252832139015,24.6549050831828,0,0,0,0,1.50023048233667,0,0,0,0,11.5562446744611,0,0,0,0
96_6,0,0,0,0,0,1.32410979802558,3.73105453419857,34.2914312877949,0,0,0,0,0.544733961992991,28.2341333451254,0,0,0,0,3.41709320450601,0,0,1.30117072200051,0,26.76934897244,0,0.386924173916889,0,0
96_7,0,0,0,0,0,3.51815367295244,7.89446090848384,2.62164533699773,0,0.127481333090512,0,0,31.1449037819466,14.1104175979426,0,0,0,0,0,0,0,0.800207502083299,0,39.3964227965327,0,0.386307069971248,0,0
