segment_ID,road_importance,nbr_carcasses,long_midpoint,lat_midpoint,length,distance_water_km,distance_amenity_km
4_1,minor_road,0,34.791796084504355,-2.7561682083138828,2499.762116743401,2.7582368877317753,1.46972821805372
4_2,minor_road,0,34.80605969078107,-2.7401250339982495,2500.3172823923346,2.364080784812662,3.1728586970430404
4_3,minor_road,0,34.80181948960422,-2.724483399034325,2499.914811340263,2.2994299866390104,3.74812056262847
4_4,minor_road,0,34.78602965045758,-2.710956250064313,2408.9471173147326,2.731755426289286,3.9139231124909
5_1,minor_road,0,34.76454240283233,-2.7757377565022967,2500.1948884044805,1.8291165412612445,1.20192345284509
5_2,minor_road,0,34.749686141246976,-2.779398091155685,2500.38715847711,0.24380226539301256,1.80975168765783
5_3,minor_road,0,34.745694141543666,-2.7596346449275098,2501.2930296319637,0.31392110580224875,1.5452610277947698
5_4,minor_road,0,34.746583459428486,-2.738765862075137,2500.9291814406483,0.14606984005260684,2.6108636512224104
5_5,minor_road,0,34.75493423327097,-2.719804351913011,2500.5895587492087,0.11265398708221416,3.43352205889803
5_6,minor_road,0,34.7659488292695,-2.7014440668434565,2500.692176910681,0.30902648002216015,4.83707001160162
5_7,minor_road,0,34.77706198316937,-2.682984917037074,2401.834237622737,0.44205564908197126,5.0161943715498
6_1,minor_road,0,34.78754675807539,-2.6495675986971343,2501.1965787613135,0.5428744890441477,5.72582712292798
6_2,minor_road,0,34.78202675792698,-2.6706600829831406,2501.372573597048,0.5418185582425692,5.29444781749831
6_3,minor_road,0,34.781188957516605,-2.6929996640291103,2501.3402690578787,1.2517469363033895,5.73967911575232
6_4,minor_road,1,34.77667928436277,-2.7144268603211845,2501.3408879971344,2.048326992412073,3.3134491887394604
6_5,minor_road,0,34.77773462824243,-2.7368644216237783,2501.262772640717,1.3752676355313112,0.892424502861032
6_6,minor_road,0,34.780548757842375,-2.75412960604806,2500.380691600492,1.4991793282459815,0.36861341697190303
6_7,minor_road,0,34.76748416971379,-2.767208587829272,2368.603956027232,1.993329167022417,0.896107633229544
7_1,minor_road,0,34.73251814208213,-2.344888639562055,2500.950187161344,0.02020243449865843,2.95890033431179
7_2,minor_road,0,34.72329690547966,-2.36468681575828,2501.340733934507,0.7525285417674991,3.04035959109724
7_3,minor_road,0,34.71508481382535,-2.3803097046549624,2499.986834934155,0.5425023222089298,1.39996001256111
8_1,minor_road,2,34.86985607958267,-2.452123944548499,2500.3580952402476,0.5077575529094637,1.11041052171924
8_2,minor_road,0,34.888291968294915,-2.463529065442271,2500.1224232777863,0.8245247602097137,3.18068201190192
8_3,minor_road,0,34.88739167930054,-2.480920142753303,2500.07509226337,0.07369496722719567,4.05903623145668
9_1,minor_road,0,34.87293080583161,-2.4671332251692433,2500.41825928914,1.389301408381703,1.83633031531738
9_2,minor_road,1,34.85682308826902,-2.4817976945680877,2499.825180369582,0.22140968252136933,2.89628070265972
9_3,minor_road,1,34.836482700823026,-2.4876657481141295,2499.3092195854647,0.0780250241629029,3.79227992510186
9_4,minor_road,0,34.81537699611757,-2.483233220867144,2500.07299980852,0.10058629922801096,2.91890120686907
9_5,minor_road,0,34.80628613517933,-2.4637061340507223,2501.039728643368,0.1138767056841873,1.73166799935842
10_1,minor_road,0,34.78924227607467,-2.4270004997825048,2499.3921077946006,1.18546458318878,2.63141592892433
10_2,minor_road,0,34.76776623871378,-2.4208621147071923,2499.536626851918,1.9085889198185175,4.0521246158069
10_3,minor_road,0,34.7470798572664,-2.4138851794592653,2500.0087696379373,0.20466433757607055,4.26381565195274
10_4,minor_road,0,34.73160172160777,-2.398863954845297,2500.4596266853123,0.14678474260165442,3.33486561171816
12_1,minor_road,0,35.10006828312829,-2.7515079209686104,2499.388738038878,6.395352245602286,6.9390862051287
12_2,minor_road,0,35.0826802265406,-2.741357461547901,2106.9828120107636,8.438794633902786,8.94572236236675
14_1,minor_road,0,34.922414068715845,-2.5404125334362235,2500.494104159327,1.3380160093819993,10.6437213715507
15_1,minor_road,0,35.087947952705306,-2.7599989568764234,2500.702908704994,7.76794642768526,6.97507296353565
15_2,minor_road,0,35.076915809802976,-2.740555094531955,2500.496370330746,9.085725618024698,9.411887501459631
18_1,minor_road,0,34.960971515278416,-2.6785316152019263,2499.9999066181554,3.2338373248179155,12.2744149032195
18_2,minor_road,0,34.954190980368374,-2.69765377559602,2500.5951826536784,1.5427243334891725,10.3473626906956
19_1,minor_road,0,34.98068428916554,-2.678128729621687,2498.9301925717996,5.050861583740775,12.169136602308098
19_2,minor_road,0,35.00195063974979,-2.6844632712015377,2499.1490313951444,7.036899093029785,11.7579841599346
19_3,minor_road,0,35.02113869107283,-2.6957787596146754,2499.245475585116,8.985251848696464,11.2568529056398
19_4,minor_road,0,35.041509257392214,-2.6999203349905763,2499.43721984407,10.025960542255705,12.0087538696204
20_1,minor_road,0,35.061521639200734,-2.7165212832813483,2501.309152604439,11.45629105404186,12.1586626403025
20_2,minor_road,0,35.05656174501599,-2.737649319854091,2501.1739246834213,11.37151173023077,10.3090808037176
20_3,minor_road,0,35.04873889262837,-2.7583434679766015,2500.9715757409235,12.107737646267168,8.46192229514814
20_4,minor_road,0,35.04193690768042,-2.7796048530500985,2501.070832587165,13.169535556753818,7.07217867652668
20_5,minor_road,0,35.02992545376127,-2.7980327581098043,2500.5423874482235,14.288170891920496,4.63200846502928
21_1,minor_road,0,34.77542648646885,-2.6499442440924907,2500.2144412880134,0.40034690546538526,4.981387859207279
23_1,minor_road,0,34.79485328078715,-2.5101923056436357,2500.3307218126643,0.11335016264647792,2.29019470045196
23_2,minor_road,0,34.78248955286707,-2.5266191471868154,2501.1004034265184,0.1162201416228785,0.9127227429640772
23_3,minor_road,0,34.78562143321418,-2.5456948511691704,2500.7469203513574,1.3646040725482385,1.45684361110147
23_4,minor_road,0,34.79943172608577,-2.561765549021429,2500.5803926321787,1.4967589974022282,3.79459884702209
23_5,minor_road,0,34.79150257476617,-2.582394448953302,2501.1191256679413,3.43382185823619,2.96248445798545
23_6,minor_road,0,34.78655137646649,-2.604214024918696,2501.1265112450287,2.9818470168823352,2.25084357571634
23_7,minor_road,0,34.77680808130547,-2.6227715878857154,2500.6666193164815,0.9640277729875356,2.62411616903663
25_1,minor_road,0,34.89989618705733,-2.670236705671209,2499.315926274465,1.0988622678217028,10.1491009907566
26_1,minor_road,0,34.82052575789792,-2.54717543727672,2499.4337600358845,0.4433280072074025,4.80045115258248
26_2,minor_road,0,34.830132633424476,-2.531196024465523,2501.232673092963,0.12204165521536972,5.65626137942957
27_1,minor_road,0,34.78088297986471,-2.6259845154073695,2500.473785252074,0.564726031035983,3.1974968233254697
27_2,minor_road,0,34.79889490368527,-2.624734867273313,2499.4909732767596,0.34488088287631186,4.59589991538893
27_3,minor_road,0,34.81730756318518,-2.617848374223051,2500.4087891378076,0.07936245303221767,5.9832007558586104
27_4,minor_road,0,34.81398950653758,-2.5982308661897235,2500.9751310772613,2.292948954743566,5.2006277643591705
27_5,minor_road,0,34.80531345547284,-2.5783830836635,2344.577797773137,2.0864401969772115,4.55524116535231
28_1,minor_road,0,34.81985007408802,-2.5069522540176417,2500.884002928611,0.08619787110311584,4.98723127878423
29_1,minor_road,0,34.858553760962806,-2.461722514694472,2290.218755522744,1.8567121467534455,0.672653958148904
33_1,minor_road,0,34.90100204165319,-2.4657533096316997,2499.591573054357,1.060543777668968,4.61169913490389
34_1,minor_road,0,34.92836700134094,-2.5024683191200463,2500.3070247807696,1.0954469394083486,6.42095895988137
34_2,minor_road,0,34.947521985111884,-2.512489671347763,2500.073131774735,0.9219934354146913,7.12181984596608
39_1,minor_road,0,34.912364276743226,-2.549411697387525,2500.1649392978456,0.09474008530752132,11.8745680590041
40_1,minor_road,0,34.820138991269765,-2.4998329971344644,2501.101490071548,0.15622740404968555,4.70915573382178
40_2,minor_road,0,34.82873798528799,-2.5200019736387462,2501.0868439665114,0.11547020820186732,5.71419861155469
40_3,minor_road,0,34.83245123455486,-2.541450752532804,2500.8213964358515,0.21836358202672956,5.959133643158459
40_4,minor_road,0,34.845703480212016,-2.5571405456121448,2499.8023496975356,0.11931946390950549,7.80744016116559
41_1,minor_road,2,34.8202300856111,-2.429485262668871,2500.3328233055413,1.4768935862006474,0.511493517724709
41_2,minor_road,1,34.84081609017262,-2.428903455163509,2499.5777847455765,2.728368564113941,1.28764532986153
41_3,minor_road,0,34.86013389552061,-2.4200903969113883,2499.8751140106765,0.3756644981978487,0.145277816881376
42_1,minor_road,0,34.62188188758018,-2.2533632626133207,2499.6975467315388,0.7919923870287195,6.6824596864974
43_1,minor_road,0,34.566111024450706,-2.2820183861783208,2151.4824224396966,0.04257694693175738,0.289807861368136
44_1,minor_road,0,34.62386212531436,-2.417313870360404,2500.533742310227,0.49966717354560936,0.703314587467527
44_2,minor_road,0,34.61479127575296,-2.4003733395994273,2500.2837248821547,0.7200211380301703,0.740600675064177
47_1,minor_road,0,34.801326877465584,-2.439867999169496,2500.848348149628,0.1068702026962144,0.919180715436093
47_2,minor_road,0,34.80747373915549,-2.422181405715541,2500.480462122102,0.06848421020075596,1.40969074761921
47_3,minor_road,0,34.81716373069061,-2.403462949608596,2501.0207226546413,0.1045820483520778,1.67533759499838
48_1,minor_road,0,34.76144556241375,-2.36328740232513,2500.352692176541,0.40863518637801527,0.890803256197345
48_2,minor_road,0,34.75925091906493,-2.3785781088247715,2501.1821897604045,0.10467426874200064,2.4150162877409196
48_3,minor_road,0,34.76567818432794,-2.399585427747173,2501.3134810397464,1.772607369585758,4.04158754257132
49_1,minor_road,0,34.80350635330218,-2.3512748726432497,2500.5096059736493,1.4010978309751785,1.47628402614685
50_1,minor_road,0,34.76980537887986,-2.4813651509609973,2500.6449185657766,3.9627220656257944,1.21800953860775
50_2,minor_road,0,34.763236476779056,-2.461611147183696,2500.9766771291343,3.8201065218488903,1.80389144014663
50_3,minor_road,0,34.76093832670805,-2.440999087087697,2501.0452285092592,1.6575919885816108,1.89767277395172
51_1,minor_road,0,34.813533505472336,-2.3730012693978417,2500.4822227016907,0.2374187408888483,1.13177650808554
51_2,minor_road,0,34.80030664349104,-2.362946766383907,2500.3393948402604,0.24149626792636125,0.751451047813641
51_3,minor_road,0,34.78496062918084,-2.3538618256938166,2500.813520896338,0.2359986837480651,2.70179918071271
51_4,minor_road,0,34.78496798415823,-2.3336804802137374,2500.6630263147354,0.1374134005311516,1.1212209220048202
51_5,minor_road,0,34.79043511550509,-2.320357386028594,2500.8082143258284,0.19200779965039752,1.66991071329059
53_1,minor_road,0,35.05385660200005,-2.3149096022520403,2500.005460963295,0.4418594869238211,13.0432642608148
53_2,minor_road,0,35.03307300607181,-2.311129903834507,2499.8990277099924,1.4352389906644176,11.8710009652792
53_3,minor_road,0,35.014986246332775,-2.301453628634222,2500.0102541548563,0.04802403492811584,9.85772597120928
53_4,minor_road,0,34.996919263774366,-2.292574119473659,2500.091222365342,1.189506047969288,8.07098054440405
53_5,minor_road,0,34.97605411192193,-2.2917360951363706,2499.935401085129,1.0179764300658405,7.26096839525392
53_6,minor_road,0,34.957834499900976,-2.3025727392912883,2499.837750392615,0.04950368611572534,5.23124224801926
53_7,minor_road,0,34.93705155643133,-2.300915592790139,2500.013639244659,0.1044221009038171,2.9133473757946597
54_1,minor_road,0,34.971657179732254,-2.155811629435433,2499.977043389022,0.17974025440682304,7.43630335170533
55_1,minor_road,0,34.77760941698776,-2.5029043670154785,2500.400390312553,1.762523925259406,0.33084247428082897
55_2,minor_road,0,34.76177920226362,-2.5176814571943176,2500.7464991428337,1.2435901074437348,2.08622968896548
56_1,minor_road,0,34.77017214979479,-2.5406577082700057,2499.265392334711,1.5953686004175167,1.17011957846076
56_2,minor_road,0,34.748392547296284,-2.544506650311015,2499.17662646878,3.076702930357252,2.3501658597747
57_1,minor_road,0,35.20969824256874,-2.004731395839727,2500.6084524865264,0.5537485530272275,0.901520351991455
59_1,minor_road,0,35.1486013838213,-2.0197809856779463,2500.3682544063827,0.6694501177613038,1.5130124717835098
64_1,minor_road,0,34.82321026647292,-2.350374196602915,2221.9762006995943,1.5864675304297704,0.725991855986732
65_1,minor_road,1,34.84699333347253,-2.344342723160999,2419.934857031167,1.6431443587874366,0.183508572428147
66_1,minor_road,0,34.96213164209335,-2.2081884376941012,2499.76093019322,0.5964650480592257,1.82099422284314
66_2,minor_road,0,34.94193378873983,-2.2121160381014504,2500.0380397403737,0.2980457857545307,3.11639959536297
66_3,minor_road,0,34.925454267156276,-2.2189798413221697,2178.5444853813624,0.3722401390375157,1.69526737198563
67_1,minor_road,0,34.97135885403732,-2.2264206381892886,2307.269551631001,0.1435388611668605,0.223526003175811
68_1,minor_road,0,34.951486316209476,-2.237899558602701,2500.899957807676,0.5634431588048102,2.30034162748271
68_2,minor_road,0,34.95726145814662,-2.218448535873757,2500.924589988946,0.2249939708969053,1.27386377391127
68_3,minor_road,0,34.969683730502176,-2.200236580721299,2500.9765378688035,1.1147545828166774,2.61880449691304
68_4,minor_road,0,34.979874621543225,-2.180314578318447,2501.144308098152,0.7818501548217086,5.01857233199725
70_1,minor_road,0,34.843379121828384,-2.197955814400612,2499.7818320047136,0.45447300070973634,8.0443564541616
70_2,minor_road,0,34.863582255550185,-2.2044182370619416,2500.072513620744,0.4559272091098281,6.58076276114753
70_3,minor_road,0,34.881180955052855,-2.215191695136467,2358.572666966883,0.2089514167750694,4.2872840789434505
72_1,minor_road,0,34.802957958117695,-2.565503527939301,2500.7058010130745,1.376899528739747,4.3623763195645795
72_2,minor_road,0,34.80682265960029,-2.5462251903964286,2500.6794362131222,0.42443011870166614,3.33457007525894
72_3,minor_road,0,34.80413616089423,-2.527831377311514,2501.1050956878394,0.08567802460765139,2.84501210821431
73_1,minor_road,0,34.88855400792241,-2.492171054342505,2500.7644526627687,1.1106467109680929,5.0753193888882295
74_1,minor_road,0,34.812611638564654,-2.5376524508791816,2501.4013539844295,1.0838761952852154,3.71777008095677
74_2,minor_road,2,34.81402901470302,-2.5152426025013965,2501.45966626811,1.0992598227453696,4.39521959064147
75_1,minor_road,0,34.8931461845164,-2.4875560084921085,2499.6431788314726,0.9103075778600708,5.03190717749572
75_2,minor_road,0,34.912419718321154,-2.489245223698736,2122.7441056264815,0.9605100349105578,6.068367910203491
77_1,minor_road,0,34.777836866675436,-2.601581566750167,2098.3732418897057,3.295431367063399,1.23846754825604
78_1,minor_road,0,34.748225932872856,-2.6368953952871905,2501.157449243033,0.6260577265527186,2.22323364451483
78_2,minor_road,0,34.74626183867821,-2.6586574537607244,2501.1946035678757,2.654450030927877,1.67951806373697
78_3,minor_road,0,34.73472264092466,-2.6763729978375044,2499.899798602555,1.404367994804084,0.921152673587829
78_4,minor_road,0,34.71955260322996,-2.6877523066005233,2162.050309116582,0.38022352522873726,1.13490053853162
79_1,minor_road,0,34.79807875853221,-2.4363847833953223,2326.8129325820723,0.1855307741887444,1.35213727075121
81_1,minor_road,1,34.78954676507472,-2.4562113089378532,2500.878513663897,1.192725257786357,2.09795206820359
81_2,minor_road,0,34.784654273420465,-2.4770705259340557,2500.917458300398,2.4064127050797612,2.90760507571703
81_3,minor_road,0,34.78373845843255,-2.494549539572738,2500.2154662780076,2.0702029749153956,1.46481009088981
81_4,minor_road,1,34.80094048840033,-2.503419145713672,2499.9484435296445,0.12523772220535484,2.8788671761524003
82_1,minor_road,1,34.80625701098745,-2.497200824017904,2500.2386455682367,0.09095881619345532,3.5607474390639497
84_1,minor_road,0,35.0851837646675,-2.7411660848270274,2499.0865332537155,8.168010462286103,8.799479379921861
85_1,minor_road,1,34.84921824913491,-2.4396153905285902,2499.4160201794452,2.220801916113368,0.0991074937341908
87_1,minor_road,0,34.94100159398219,-2.4524336539267155,2059.7802421602155,1.3789866274640403,0.955535252610925
93_1,minor_road,0,34.868053038632915,-2.5132158544230156,2500.3252591269243,0.1894424346348953,6.41425536582544
94_1,minor_road,0,34.765904458779985,-2.322406433788312,2500.2329464397226,1.747922260909324,0.5336751729723099
96_1,minor_road,0,34.93767568392065,-2.255120178473088,2500.8446209522585,0.39716246286179585,2.78311621616014
96_2,minor_road,0,34.92745402960531,-2.2372284254874204,2500.7522085552473,0.3916404592012306,0.605633206812636
96_3,minor_road,0,34.915696027948115,-2.2230906517677496,2500.256575805973,0.30384281397052754,1.11420186958477
96_4,minor_road,0,34.895284439721216,-2.2158282909052933,2500.114766164086,0.06327848899879,2.94812395981092
96_5,minor_road,0,34.87867671223236,-2.228144695771219,2500.4774054869818,0.6174579783710198,3.93301064185832
96_6,minor_road,0,34.86694159088253,-2.244785263582522,2500.576993899533,0.38061556550687253,5.09537557076672
96_7,minor_road,0,34.848428700641804,-2.254542295680298,2500.173497361251,0.588130870203858,7.01602801256344
101_1,minor_road,0,35.02538964574763,-2.8610193231854053,2501.159278108981,10.29611998289178,3.96385431202424
101_2,minor_road,0,35.01837263606264,-2.8823661508842244,2501.192819833833,9.05293915282843,3.93210676917431
101_3,minor_road,0,35.01160635456703,-2.903783243998903,2501.156766730279,8.134088151521777,1.4513516602315002
101_4,minor_road,0,35.006988726806995,-2.925638442599681,2501.4440799816775,6.820830586723898,1.05494417111797
101_5,minor_road,0,35.004743542663554,-2.947991655220236,2501.4328602468636,4.328359359945664,2.8600155870248
101_6,minor_road,0,35.004655998458304,-2.9688257714902453,2201.0968859488753,2.104951774879768,1.3407087825583202
102_1,minor_road,0,34.75377430787255,-2.795316846126967,2500.733101420013,0.03420676656147769,3.29279695226773
102_2,minor_road,0,34.74297692995953,-2.8140462206796237,2500.950732390516,0.27774127041093694,2.71331393769164
102_3,minor_road,0,34.732707704304765,-2.8339419072867393,2500.420390374881,0.12677927459013144,1.46287740120334
102_4,minor_road,0,34.722832527629485,-2.8526256016961464,2500.91756413527,1.984396968449934,2.37198525438519
102_5,minor_road,0,34.71495779100413,-2.872148767012113,2500.452519535401,4.322939686629068,4.40238771869415
102_6,minor_road,0,34.699888940139125,-2.8849793167220574,2500.211768025407,6.325896188753351,5.181879673517971
102_7,minor_road,0,34.69120854135033,-2.9042932531720154,2500.724302954317,8.674972368495515,2.83332579493332
102_8,minor_road,0,34.681999464015504,-2.9240778815112844,2500.0702431745553,11.071598572923213,0.480917612417638
102_9,minor_road,0,34.69507079722842,-2.933148271373537,2498.9009587432556,11.463325071184563,1.99100792323111
102_10,minor_road,0,34.711117485119004,-2.9479227610470864,2500.489922336646,12.648511933182233,4.34282417883803
102_11,minor_road,0,34.72341005189385,-2.9643179761144536,2499.4378477685095,13.512205632250758,6.52892090692055
102_12,minor_road,0,34.74047117769454,-2.9780406950099865,2500.1854361591713,11.161742782009842,5.74481196233002
102_13,minor_road,0,34.75014204972488,-2.9979115183666067,2501.032685814522,9.172734680685746,4.73401330857177
102_14,minor_road,0,34.746119349213174,-3.0174284153156696,2499.610756309756,8.97304984460014,3.39537755878635
102_15,minor_road,0,34.76538934567281,-3.017366250713745,2498.3935319132825,6.873069291228579,5.51110424221948
102_16,minor_road,0,34.7860653298312,-3.0257425412832815,2498.399065466723,4.442682431277136,7.7692131904009
102_17,minor_road,0,34.807727627488795,-3.0290592335151447,2498.288835443235,2.0073066200057075,10.1917285188594
102_18,minor_road,0,34.8290402099592,-3.035654081602794,2498.4304417618796,0.6308090501975043,12.6142953869723
102_19,minor_road,0,34.84964457765703,-3.0445011220216696,2498.4034441879776,1.545538797078949,12.8676886821214
102_20,minor_road,0,34.87085094499643,-3.051040562195906,2498.3585998002372,1.2686306314157898,11.3477511919331
103_1,minor_road,0,34.77049002602047,-2.6180313995418905,2501.039492219182,1.7164700217198363,1.76070874624306
104_1,minor_road,0,35.008194820825864,-2.586475684285087,2501.19615418867,0.2011525789297644,10.8043415872613
110_1,minor_road,0,34.75600443418744,-3.0103089401903684,2498.3027746672306,8.082593564235244,4.66496404669782
114_1,minor_road,0,35.107437324730675,-2.580461386677185,2501.335624458047,2.9196665653360907,3.73848293382073
114_2,minor_road,0,35.10573139436554,-2.602749764964148,2501.3416804586323,4.778964816875684,5.51176505638014
115_1,minor_road,0,34.69493272240062,-2.9428110002616523,2500.2617510402165,11.376944047078585,2.57096829611553
115_2,minor_road,0,34.71110738098849,-2.957365056134173,2462.2048100263273,12.399016899905376,4.99062712969142
118_1,minor_road,0,34.72606431976331,-3.019369005172978,2499.9343396593986,11.149207979265816,1.19280170396671
120_1,major_road,0,34.73348674107062,-2.1914912267235342,2500.2631539691133,0.6061020379763535,0.992320525173903
120_2,major_road,1,34.74963125557303,-2.2067871838464614,2500.6061230434548,0.802895231688143,1.28641926288358
120_3,major_road,0,34.764585193214444,-2.222978183963886,2500.389255266839,0.6087173641757075,1.75780818180519
120_4,major_road,0,34.780382316395624,-2.2385652719521385,2500.7899885943502,0.8141904219721605,4.05948648634861
120_5,major_road,0,34.794262584182114,-2.2560926856716277,2500.2661775814427,0.9399817047886284,4.28948534854976
120_6,major_road,0,34.81394850718582,-2.2643478239555286,2499.755812890966,0.8809181583654775,3.70364267393112
120_7,major_road,1,34.830309152799785,-2.2752234722306586,2501.1475304857822,1.1439035274926943,4.03240056444981
120_8,major_road,0,34.83167908079196,-2.2972371667770015,2501.006810960989,0.06563888689070155,3.5931026446639898
120_9,major_road,0,34.841513764826516,-2.314602624934772,2500.877026755136,0.1608434903703372,3.02841095644186
120_10,major_road,1,34.8420534578136,-2.3339432871634567,2501.055883737656,1.0443861312121565,0.935202828038486
120_11,major_road,0,34.831551318037945,-2.3534142376393103,2500.8527107584728,1.296583202147772,1.36172627021629
120_12,major_road,3,34.82230854779761,-2.3736039969194627,2501.26409778561,0.6502681573716782,1.83494819216177
120_13,major_road,2,34.813372686575626,-2.3938811189615503,2501.0033631324873,0.639081070714669,1.95585799752856
120_14,major_road,3,34.804835692162136,-2.4144245452276425,2501.124779992728,0.8098725097573178,0.947533496338603
120_15,major_road,3,34.80635392120349,-2.4339852038066203,2500.462597767044,0.7086605473299629,0.639769890624453
120_16,major_road,1,34.81575880753387,-2.4490878529883933,2501.213409690193,1.6502800140887175,0.398043510118564
120_17,major_road,1,34.821871869066975,-2.470409775676929,2501.4015365177524,1.5547990348120897,1.44073506570145
120_18,major_road,2,34.82927854504795,-2.4906353154682512,2500.88651037555,0.17165768287828242,3.8099628077078
120_19,major_road,4,34.837616153823056,-2.5105314502638283,2500.905018928158,1.2998007394762274,6.19669811158996
120_20,major_road,1,34.84752140367306,-2.530238312036814,2500.956282011002,1.7711960525032098,7.593007002523891
120_21,major_road,2,34.857173599061305,-2.5504549121069964,2500.7281559780886,1.0874596903198377,8.8407369709644
120_22,major_road,1,34.87076406691333,-2.5680944675077733,2500.853251034144,0.9200281936243854,10.8425986650126
120_23,major_road,3,34.87979326309817,-2.588581619400226,2501.0623982961815,0.1837826870790864,12.5641978338102
120_24,major_road,2,34.88909732811035,-2.6090270972722993,2501.0192833861033,0.11116207655367535,13.6063149213632
120_25,major_road,2,34.896527462687146,-2.629994948356758,2500.94260190587,0.7188102532751744,13.9499319192345
120_26,major_road,1,34.90648090816473,-2.6497899361269415,2501.2254893499885,0.8877376995652582,12.4657589857476
120_27,major_road,0,34.91245641628802,-2.671401583334828,2500.6905504248075,1.6079247221341166,10.8871580031659
120_28,major_road,2,34.926204152441386,-2.688402285303487,2500.6688269714487,0.708377346527976,10.7005447468158
120_29,major_road,1,34.93747695474145,-2.7078282892444245,2500.865407915964,0.5523207055954541,9.95739099784318
120_30,major_road,2,34.947851528771395,-2.7276446701844144,2500.767054362265,2.913128940206747,7.46812131732069
120_31,major_road,0,34.95900220969373,-2.747147261097796,2501.0117253752414,5.3852295775122405,4.97227409368129
120_32,major_road,2,34.96781340256166,-2.7675835778653175,2500.8791363053947,7.820375190725828,2.49937969747773
120_33,major_road,2,34.97711990381119,-2.7879254070609556,2500.868772404865,10.29401503677568,0.147010279983032
120_34,major_road,2,34.986811837987084,-2.8081881114484575,2500.9436950859163,10.3092657232909,2.4486300811137
120_35,major_road,1,34.99450656728389,-2.829025855990368,2500.3015296275635,9.057247308056091,0.226392535159152
120_36,major_road,0,35.012496541258095,-2.8408183254927497,2499.282153208458,9.854057586155877,1.30821650917658
120_37,major_road,1,35.03197658481283,-2.851980396856136,2499.10471545641,11.01756224287455,3.76053964103414
120_38,major_road,0,35.05218529913373,-2.861535877371319,2498.8255060280926,9.23000051359994,6.21965158222212
120_39,major_road,1,35.07262663422001,-2.8708701257272,2499.0731937823057,7.857061963726407,8.60910311389768
120_40,major_road,0,35.09168822942401,-2.8826349975444536,2499.1306833285744,6.821597380793448,7.620855670224031
120_41,major_road,0,35.11100466747337,-2.894116238768276,2499.0829374471627,6.654733293816704,7.15259390302909
120_42,major_road,0,35.12937822731243,-2.9047467329082757,2236.014191652136,6.361954798120554,7.4633188630791505
121_1,minor_road,0,34.590148161088266,-2.286781140794307,2500.7080730231555,0.903554478805782,2.23422988033485
121_2,minor_road,0,34.59903936272983,-2.306846401523889,2500.969234056423,0.9111555301833376,4.08593794614625
121_3,minor_road,0,34.60587779269879,-2.3280303628732577,2500.801368976638,1.351151115242821,6.29875732674651
121_4,minor_road,0,34.62289260532541,-2.34157063099196,2500.5308315224397,1.0845358511236036,7.10979714191312
121_5,minor_road,0,34.63503854582004,-2.3599987729882077,2500.5097174350026,0.48344854897651646,5.31954219717137
121_6,minor_road,0,34.6388409847065,-2.3751816572492355,2500.4228281024916,0.23991582960285224,3.92848288766422
121_7,minor_road,0,34.636225090664254,-2.3927178661464708,2500.941623843954,0.05544590346785712,2.18268169719836
121_8,minor_road,0,34.63145511407745,-2.4075603129813103,2500.3896583316464,1.1313769491113068,0.832182454190273
122_1,major_road,1,34.80682959321492,-2.3879426734092895,2501.0352045926575,1.3053261620990466,2.17326501022001
122_2,major_road,0,34.79325621767715,-2.3708155743103503,2500.279794382677,0.7353652008651939,1.2927008412100298
122_3,major_road,0,34.77653721620832,-2.3558445046575547,2500.2572756421646,0.7509110682506792,2.2437058968757
122_4,major_road,0,34.757874441141304,-2.343831361794424,2499.7908597122073,0.5976566433274164,1.4734947953078
122_5,major_road,0,34.73705693772502,-2.3360315112418326,2500.1191891724075,0.36281611852556866,3.15775843855954
122_6,major_road,0,34.72314639492295,-2.3184214267872667,2500.4053447029805,1.5075092689612042,4.61938877976082
122_7,major_road,1,34.7056420942016,-2.3055331236617467,2500.6168361994983,1.015389646905559,5.79400242105761
122_8,major_road,0,34.690669594867266,-2.289727030840256,2500.1140058129336,0.6988364300007639,7.31250281496374
122_9,major_road,0,34.67404162669856,-2.275310038683432,2500.6620638415307,0.5916914172754154,9.37028967863262
122_10,major_road,0,34.66217580468225,-2.257335843855777,2500.788653808037,0.19246976707049185,8.810581595175979
122_11,major_road,0,34.64463288045595,-2.248553477984305,2499.8747546358572,0.7413097912049997,8.57204227121329
122_12,major_road,0,34.62597657782515,-2.259858547446676,2500.274058629675,1.4171695276338303,6.75847595381507
122_13,major_road,0,34.60846301384648,-2.2738418159687743,2499.9520140884574,0.38158900209055,4.3999530216558895
122_14,major_road,0,34.58710284519294,-2.2792797047940807,2499.6553894509902,0.6225402975352664,1.94850800881994
122_15,major_road,0,34.56625292190832,-2.27601985993807,2499.8891858714687,0.4892972555894239,0.8704669986875171
122_16,major_road,0,34.546089431560766,-2.275083627889001,2499.715735833164,0.7499434605009864,2.63384310121391
124_1,minor_road,0,34.98302779337936,-2.9593418780513474,2498.7189147360737,3.3442926139570406,0.187874136637321
124_2,minor_road,0,35.000500798095175,-2.969045103989852,2044.096194201647,1.9377539079141337,0.9367263755187292
126_1,minor_road,0,34.763427449295165,-2.50302338828504,2294.4915691571473,1.6401348144663186,0.665744346911432
128_1,minor_road,0,35.159562162710706,-2.009793697890488,2500.7757107596863,0.8244348807508548,0.30924056171047104
131_1,minor_road,0,35.105099396996486,-2.75395199339441,2500.033387615624,5.830642126122739,6.436523035496171
131_2,minor_road,0,35.11592419588179,-2.7453379769361774,2263.1997442728966,4.722978490561896,6.92677342744075
132_1,minor_road,0,35.007733594516495,-2.825850749612835,2499.63173958278,10.385861640198009,0.672574868730048
132_2,minor_road,0,35.02575747611757,-2.8125176324677104,2499.5414867517343,12.87593454471353,3.1503243519835
132_3,minor_road,0,35.04330100546621,-2.7988060379492468,2499.4822922314215,13.65227566021986,5.62668753244778
132_4,minor_road,0,35.062752437878686,-2.7876223001200655,2499.300074906207,11.189681720716251,7.83051523613927
132_5,minor_road,0,35.08198160017993,-2.776322108523797,2499.571584736783,8.765688617658952,6.34036545379585
132_6,minor_road,0,35.09943271298089,-2.7633013541508995,2499.1867987347296,6.545857677784734,5.87401604920969
132_7,minor_road,0,35.11821224735669,-2.7519086025201025,2499.9111001032297,4.377922857293858,6.1561740179027105
136_1,minor_road,0,35.06256092367751,-2.7179785655555704,2501.212700119058,11.290285034556272,12.1428791648455
137_1,minor_road,0,34.89608844442711,-2.5505216747322303,2500.9512446916915,0.46642210985445254,11.2275723616091
137_2,minor_road,1,34.908870975301404,-2.568194962836923,2500.130927165545,0.06807985796172564,13.5836745402255
140_1,minor_road,2,34.9021835812168,-2.4728222192729064,2499.6846173324748,0.6133754714453055,4.97789705053162
140_2,minor_road,1,34.9196895368451,-2.4852582417227445,2500.364887146392,0.4860731338903811,5.20920760917204
140_3,minor_road,0,34.914286259151595,-2.498744983402621,2500.216284335182,1.432372442980277,6.776435038100519
140_4,minor_road,0,34.896180972640146,-2.5072322761481125,2499.421287324431,2.8336860648338615,6.929928681080041
142_1,minor_road,0,35.016974853672124,-2.592892892937777,2500.5018935173134,0.09182056597203878,10.424069384346
146_1,minor_road,0,34.99534177800922,-2.533260070020915,2500.126742080087,0.6214581736948438,5.05647798305749
148_1,minor_road,0,34.93454348943821,-2.494316763427115,2499.564704569791,0.2792094275928632,5.34018181514554
148_2,minor_road,0,34.954180812906834,-2.4877661611750623,2499.6342459956427,0.8143336646540075,4.420213880096809
148_3,minor_road,0,34.975514903591666,-2.482147078084902,2499.300129544298,0.4573447192658132,3.62140889823832
148_4,minor_road,0,34.995401074367315,-2.4880844397609096,2499.9441991782405,0.5731615975972351,1.32642671420688
149_1,minor_road,0,34.84311057727091,-2.4896643739838455,2499.582226476883,0.09511320933056489,4.2199277760589
149_2,minor_road,0,34.86289971131031,-2.4819700706457506,2499.301895197674,0.2412400488161009,2.89393612900413
149_3,minor_road,0,34.884065258895376,-2.483782292967919,2499.5784700003433,0.06672389068900327,4.03477688453257
150_1,minor_road,2,34.7959797644701,-2.4182586978038385,2500.9585753413567,1.1778698786060335,1.41983106436163
150_2,minor_road,0,34.78236690869337,-2.4019008969009983,2500.3181846596563,0.5855281586107904,2.1735926299521102
150_3,minor_road,0,34.76789239148549,-2.3850803368753435,2500.344318818275,0.450487730958436,3.36971814735961
151_1,minor_road,0,34.771697449925576,-2.609736113596179,2500.668826653366,2.5178642913170024,1.33558241788127
151_2,minor_road,0,34.77076012521647,-2.5891703668635406,2501.0643782019374,4.714651261021525,0.6643764433982889
151_3,minor_road,0,34.78242658698306,-2.5785471197116463,2499.594624528963,4.041044691548715,2.12400715910238
153_1,minor_road,2,34.82459652821579,-2.441809045546205,2500.2943832243527,2.7008246635812796,0.118584890952562
155_1,minor_road,0,34.7218085684254,-3.024960712739843,2498.9715117958426,11.565761847852276,0.6405179506424991
155_2,minor_road,0,34.73887430934112,-3.0236008325973067,2064.637899564995,9.6844950427753,2.51961168454765
156_1,minor_road,0,34.70797459831255,-3.0353919183925657,2498.557442345386,9.912044977545396,1.59976465809049
156_2,minor_road,0,34.688271331296214,-3.0382295524465057,2101.0625883273924,8.120867552985102,3.50642017894752
157_1,minor_road,0,35.19679486595765,-1.991415782404238,2501.111708761182,0.4738176651932022,0.670068337922951
158_1,minor_road,0,35.164418167394665,-1.9966300707888949,2500.4396926240893,0.25525765378877896,0.34622469540893397
158_2,minor_road,0,35.17982910013229,-1.9955696729936443,2500.6550775391743,0.11357523572798618,1.25513958150432
158_3,minor_road,0,35.1977102139331,-2.006334921505523,2500.542693352678,0.4989895130132837,0.427783160179392
158_4,minor_road,0,35.21013157920881,-2.021203751520197,2500.6356725402206,0.151966548467412,1.86688468499938
158_5,minor_road,0,35.195483506222374,-2.035993864222881,2500.8574485563686,0.02811314256391216,0.840748091975651
158_6,minor_road,0,35.18230533894252,-2.0483298241856183,2500.3198393056914,0.05912192460283883,1.16979188594943
159_1,minor_road,0,35.10052326512015,-1.9903403925750092,2500.319099076447,0.6558535458191698,5.97057332611887
159_2,minor_road,0,35.1171982658828,-2.003025279486629,2500.5027988624356,0.09717477323276652,4.37318004279894
159_3,minor_road,0,35.138373703571375,-2.007844691808372,2500.0172964975736,0.43600988517945966,1.97741009150704
159_4,minor_road,0,35.158079549187825,-2.0130567034469458,2500.9150092053364,0.9174430720284106,0.49054380138852505
159_5,minor_road,0,35.16146046786228,-2.0343807800430587,2501.319140353576,0.05960420562292455,2.8920138656508696
160_1,minor_road,0,34.687411922475064,-2.5983827217159505,2499.834217793612,3.227279521436269,0.928165875432257
160_2,minor_road,0,34.68099111026259,-2.5916294471754115,2499.452143259854,2.8146188255285676,0.5982578597637651
160_3,minor_road,0,34.70253426162495,-2.593216871617048,2499.669350646077,2.702621240867209,2.61997611768668
160_4,minor_road,0,34.719174655393296,-2.60830512181837,2500.3249546911616,0.9681964185125078,2.9005963271428
160_5,minor_road,0,34.73382108845266,-2.62422550198785,2499.736645869855,0.6992175869875387,1.32161804436286
160_6,minor_road,0,34.752530451261926,-2.6275320062793965,2499.6943162046955,0.3338663648521499,1.49770854783925
160_7,minor_road,0,34.77246325140076,-2.6352257604151097,2499.0029859476044,0.09420539892254988,3.5315122648433297
160_8,minor_road,0,34.79416578833888,-2.6401148211275633,2498.953404696847,1.0319862391245842,5.354068403454811
160_9,minor_road,0,34.816480503446186,-2.6426242623318217,2498.8579858514463,2.0860163487582852,7.37882047906088
160_10,minor_road,0,34.83876181244463,-2.645538780042502,2498.85221470273,2.284750673597904,9.541668100465987
160_11,minor_road,0,34.861043121443075,-2.648453297753182,2498.8464371973582,1.150435477398488,10.9437991589357
160_12,minor_road,0,34.88332443044151,-2.651367815463863,2498.840653335328,1.2369294499243606,11.2021601111499
160_13,minor_road,0,34.90560569782111,-2.654282327730569,2498.826679829569,0.39093501920421864,11.9873835936279
160_14,minor_road,0,34.888108413650414,-2.6579939850588676,2498.9682150827143,0.6770024893814067,10.7146670757719
160_15,minor_road,0,34.867498469391364,-2.654906293604576,2499.6189036016226,1.5206941169420138,10.3479781472705
160_16,minor_road,0,34.84798423743183,-2.6450087584374544,2498.9293583500257,1.8507813132450572,10.3824022346821
160_17,minor_road,0,34.825625048087836,-2.642830734031344,2498.851939403254,2.5906245645159403,8.17613078718242
161_1,minor_road,0,34.77107723478901,-2.7357422791216277,2500.5274717038565,0.7141888475472491,0.995111024302891
161_2,minor_road,0,34.75714952381164,-2.718411554909361,2499.678161424081,0.32260611051681315,3.42499263896184
161_3,minor_road,0,34.737738817424315,-2.709234561361081,2499.4168236631363,1.9128227993037488,4.06070620405261
161_4,minor_road,0,34.71885076140296,-2.6974814130610527,2499.4791964140445,0.973541303319297,1.7160424909241
161_5,minor_road,0,34.698555153516345,-2.6888215888071207,2498.8733902707113,0.27637371884437434,0.615345013769301
161_6,minor_road,0,34.67689876127205,-2.68321407634685,2499.104154479287,0.3995360100088898,1.77836659056218
161_7,minor_road,0,34.65596364367074,-2.6850027851139617,2498.92438180535,1.7588093623715326,2.7526971472466797
161_8,minor_road,0,34.63451414686763,-2.6837199189158105,2498.8782563485424,3.9204740261261937,2.9234207175392197
161_9,minor_road,0,34.6124549016966,-2.6852497365847428,2498.9813596505437,6.361254351204849,1.4260898188759
161_10,minor_road,0,34.59231506100699,-2.6771360131306703,2499.62207614395,8.516143363275072,2.95921372959983
161_11,minor_road,0,34.57411425287075,-2.664964652805461,2499.342301049657,10.383122178824689,5.33805829166469
161_12,minor_road,0,34.554452247020635,-2.6544054149771297,2499.682316888626,7.908293079441971,7.76466992401515
162_1,minor_road,0,34.92570019354641,-2.7092988531830473,2499.373013099035,0.22263089424892832,9.43928395796056
162_2,minor_road,0,34.90478516243514,-2.712289839586814,2499.848329559894,0.10046084501720254,7.2338393668227
162_3,minor_road,0,34.909143103102814,-2.6954019332346033,2501.1104474844287,0.5852616851352032,8.73029898881455
162_4,minor_road,0,34.91212410758427,-2.6768834999524125,2084.677849828617,1.3153846114346448,10.4039461751395
163_1,minor_road,1,34.974749345310286,-2.5453912763575706,2499.625983311518,1.1704233042779468,7.2030071466423
163_2,minor_road,0,34.99545431775643,-2.5528348471395805,2500.0438000871613,1.4615988481888684,7.17985693028372
163_3,minor_road,0,35.009125676952316,-2.5703665048819184,2500.0063640471894,0.1165032062528802,9.01297575448485
163_4,minor_road,0,35.02770531868312,-2.5818226890876597,2499.5733330384614,1.2238124323388249,8.800133665581539
163_5,minor_road,0,35.04900006554058,-2.585557029190164,2499.0769897005985,0.9541917284548762,6.9794937726334005
163_6,minor_road,0,35.07078110729968,-2.582177097371375,2499.1066855943877,2.857883192497841,4.95296350571771
163_7,minor_road,0,35.09195664777999,-2.575832399083715,2499.4615955703744,2.8768751518838993,3.21100202372068
163_8,minor_road,0,35.11192715932772,-2.568738025949384,2499.4148328092333,1.747883325578648,2.71774305318475
163_9,minor_road,0,35.131072346256836,-2.5678101720020883,2500.0839469179696,0.31359608093152347,4.18153449532436
163_10,minor_road,0,35.144872972837696,-2.5853276715147686,2500.271430761378,0.12094885859632432,2.7728487694744497
163_11,minor_road,0,35.15761287326703,-2.6022821848685127,2500.9851774347594,0.2001121207608353,0.708155606772749
163_12,minor_road,0,35.15856045944494,-2.623011354028644,2500.721467798857,0.16899600267028905,1.7077649686729302
163_13,minor_road,0,35.174254556215814,-2.6377311513484702,2500.0571998274677,1.4413254829923146,3.93336964211802
164_1,minor_road,0,34.92663224468031,-2.563341607510567,2500.6339576495348,0.13033284540200382,12.1694631847589
164_2,minor_road,0,34.940009874667076,-2.5802764204109767,2500.5979501794195,0.06686263341260104,12.5781203419251
164_3,minor_road,0,34.947686308628164,-2.60111975192056,2501.280561614198,0.06130924676548477,14.0885045773535
165_1,minor_road,0,34.80168451020352,-2.457353470138765,2501.0340964542543,0.1410276691835236,1.24733251508806
165_2,minor_road,0,34.80633262354799,-2.4784938667599854,2501.067123399966,0.3627261207732236,2.8204319442195
165_3,minor_road,0,34.82125944941948,-2.4888045082232444,2499.6314718886347,0.1578368068965625,3.48204351214997
165_4,minor_road,0,34.84121968906816,-2.49621069662062,2499.7401956358563,0.07863652232708829,4.87946516699133
165_5,minor_road,0,34.85946029273485,-2.508446968488234,2499.920282184644,0.1453967695233587,5.83242517462013
165_6,minor_road,0,34.87344574842319,-2.5247259903903636,2500.182251570638,0.1331477189435104,7.77364009231663
165_7,minor_road,0,34.88904450805245,-2.538049957022644,2500.1118363237833,0.06178762223616504,9.65583668437641
166_1,minor_road,1,34.76120100638375,-2.504063026303875,2499.261027923462,1.3750459110386266,0.6391843887089721
166_2,minor_road,0,34.73973997224006,-2.500034474116348,2499.328626171421,1.787930116930522,2.1032346809333298
166_3,minor_road,0,34.71805821720849,-2.503670242303999,2499.2073674956014,2.173710006386533,2.65139035291919
166_4,minor_road,1,34.69590931250396,-2.5054369948245845,2499.311183267594,3.1048540766419817,3.93220749260294
166_5,minor_road,0,34.67897296854797,-2.492883012713462,2500.0436349336705,1.2535519025668165,4.827369119480609
166_6,minor_road,0,34.65867857139446,-2.4847643363353167,2452.806163730724,0.7363253706058295,6.88611100696459
167_1,minor_road,1,34.77336603611705,-2.4147863881506884,2500.515244497475,2.291793145130801,3.2373232310038804
169_1,minor_road,0,34.89208096930124,-2.512203528454491,2499.814541765791,2.157263555777662,7.15833771400458
169_2,minor_road,0,34.91283326947571,-2.519980433000897,2499.3436839694264,2.5312039939710194,8.90156838462413
169_3,minor_road,0,34.93215912731429,-2.5288844856804276,2499.6392882358655,2.846322668528075,9.1389383387794
169_4,minor_road,0,34.95240951232856,-2.5306960982136255,2499.625491547024,1.4168672472590638,7.636074516050741
169_5,minor_road,0,34.97222932805221,-2.537299971276677,2499.4418418693713,1.1173186081728212,6.6011941002909795
169_6,minor_road,0,34.990938340047485,-2.52774254477201,2499.7556164548714,0.5081531363860369,4.63550132440144
169_7,minor_road,0,35.010777545062346,-2.5188562987484984,2499.453246001156,1.4058126285306876,3.29985020395549
169_8,minor_road,0,35.032245629675884,-2.523868194446427,2499.3632496119135,0.5052998623829944,4.7358944779007395
169_9,minor_road,0,35.05026749142075,-2.5364895271772285,2500.1546399014705,1.0334147417041155,5.58650604689044
169_10,minor_road,0,35.06762071700094,-2.550142465930699,2499.8824780138034,1.1188747915623842,3.5189848134373203
169_11,minor_road,0,35.0851886291184,-2.563434616357833,2499.81055324277,1.727734422357711,2.3261072086434003
170_1,minor_road,0,34.74069678045277,-2.3229741980738967,2500.1855240892633,0.22277724079232356,2.9318932426134703
170_2,minor_road,0,34.760024333083,-2.312049555954721,2499.908013742194,1.0707732042985003,1.84649339019762
170_3,minor_road,0,34.779397083693986,-2.301181401177799,2499.8884809589144,0.19291172776138577,2.34451805712572
170_4,minor_road,0,34.79814487886406,-2.302465442632519,2499.993764749632,0.18726254946871543,0.9186438128029808
170_5,minor_road,0,34.817880697258424,-2.3027764155572967,2500.1141524624745,0.24563906533731697,2.24975889139429
171_1,minor_road,0,34.83275840963692,-2.4703115109298643,2499.628640825724,1.903991451878592,1.96443776041996
171_2,minor_road,0,34.852421221812165,-2.467927779143011,2499.2277905379365,1.672355627053774,1.60868062137217
171_3,minor_road,0,34.86959935049939,-2.4675866926778234,2500.5419752449825,1.6012739211271954,1.62083282065457
171_4,minor_road,1,34.863911690055154,-2.4465019269486703,2501.195024094986,0.4816137233038612,0.7444291817075519
172_1,minor_road,0,34.76645115755641,-3.001412693769939,2499.9661164518498,7.365745558812677,6.107237802829349
172_2,minor_road,0,34.77586445282958,-2.98307302329344,2501.0483049940563,7.69624683270739,8.02114305859485
172_3,minor_road,0,34.786600354351314,-2.963991218533247,2500.196237455061,8.574110957239983,10.2603524995653
174_1,minor_road,0,34.78106198008794,-2.415000778075175,2500.7825762939874,1.7439307845830083,2.43612281868631
175_1,minor_road,0,34.8297874106429,-2.379350950995291,2092.5779801275,1.1750510637380858,1.58291052260178
176_1,minor_road,0,34.981193991095445,-2.181027702010857,2271.0659985584534,0.7247469379463953,4.98530578412655
177_1,minor_road,0,34.975680346767376,-2.1716935408808764,2499.785693831038,1.1421808397663111,5.856330828442901
178_1,minor_road,0,34.928540176996485,-2.4198385415398977,2500.3492433017063,0.08799675416351166,2.81987103919566
178_2,minor_road,0,34.946468865374605,-2.4092796396440943,2500.10715393176,1.6884560969759843,3.2636343363541
178_3,minor_road,0,34.9654387119398,-2.406758758267637,2499.602855777422,0.8552532720322875,4.170614058742039
181_1,minor_road,0,34.751930770135274,-2.5596753004594515,2501.1835633928335,4.479244172383638,1.54723509202995
182_1,minor_road,0,34.710348182467975,-2.4842610748649134,2501.0847002455116,4.430083702743865,1.21670946200277
185_1,minor_road,0,34.76368880714856,-2.7827688932472814,2501.1995870604173,1.4826335448408847,1.90155650284244
185_2,minor_road,0,34.754511702999835,-2.8019100162714725,2500.232821915315,0.1947870086469431,3.713167681876
187_1,minor_road,0,34.742721288211364,-2.827224513792584,2500.7709114554987,0.8078596215792346,1.59092410765181
190_1,minor_road,0,34.73570580048143,-2.612936482234423,2500.1808145469627,0.28685655295157253,1.01172611208973
190_2,minor_road,0,34.72139009443652,-2.5974295847965387,2500.8161668409302,1.6366252291946235,2.22867349681829
190_3,minor_road,0,34.71731156792785,-2.576508615332405,2500.8436861631,2.6236292024237833,0.371302760796212
190_4,minor_road,0,34.7326278208793,-2.561553777851878,2499.9608733312994,3.7591609406349047,1.41073007956202
190_5,minor_road,0,34.75160528883658,-2.5711353003555986,2499.3925422856455,5.14369450046708,0.839948565210909
191_1,minor_road,0,34.98302779337936,-2.9593418780513474,2498.7189147360737,3.3442926139570406,0.187874136637321
191_2,minor_road,0,35.00236139932443,-2.9698945443018254,2498.970582714249,1.9009021190145876,1.05943695513877
192_1,minor_road,0,34.9863156204268,-2.1710711087130887,2501.1391875439176,1.220080991725328,6.21824093302788
192_2,minor_road,0,34.99355907533026,-2.1504481278276555,2501.1228961490388,0.4638356133546396,8.651242419097299
192_3,minor_road,0,35.00333771039082,-2.1305586409869437,2501.140691541624,0.16831513484896335,10.3594170907605
192_4,minor_road,0,35.010739130638974,-2.109674518070302,2501.2370411257025,0.47718462256020133,9.64661084180488
192_5,minor_road,0,35.02021901698496,-2.089445785863693,2501.137586072229,0.41303047282805255,9.77958203724484
192_6,minor_road,0,35.030271775197775,-2.0694784652936455,2501.1313734449077,0.9004633584877222,10.5805648379155
192_7,minor_road,0,35.04223521645496,-2.051570701018837,2500.4249473350465,0.14859611250423702,12.033691823469301
192_8,minor_road,0,35.055923798101006,-2.047356738117735,2500.272595370323,0.08997968932860759,11.9597616491666
192_9,minor_road,0,35.04827564452098,-2.033191558915926,2501.2013222815085,0.12093039419195468,11.6572164983025
192_10,minor_road,0,35.058193922263634,-2.014043428753991,2501.120467942527,0.2757180282951451,9.9381861939723
192_11,minor_road,0,35.067780849829134,-1.9952071289179985,2286.8764970906695,0.6435159235343038,8.54637649036818
193_1,minor_road,0,34.858392276352994,-2.4092680484555773,2501.35915517848,0.12205008142680812,1.08847493692855
193_2,minor_road,0,34.85793064825392,-2.387034471067328,2501.151610010694,1.0467250452909735,2.22311374908903
193_3,minor_road,0,34.868334980639496,-2.368204038095722,2500.181021014862,0.8516365737735895,3.22084410969787
193_4,minor_road,0,34.888059027149964,-2.3608542554772236,2500.53603041761,0.11519608663023066,4.78938736465667
193_5,minor_road,0,34.89756498629882,-2.340572679469625,2501.1007449030503,0.4459246460493768,4.99833074646355
193_6,minor_road,0,34.90701428089319,-2.3202130056525756,2501.087660351447,0.3654624971327094,2.54146068564673
195_1,minor_road,0,34.84251367694327,-2.4559108597063353,2500.7606044396525,2.968157962961816,2.02108423113277
195_2,minor_road,0,34.85058550076314,-2.4438965500122496,2500.313715406978,1.9876789187292496,0.5514416162210669
195_3,minor_road,0,34.861417813300534,-2.433729798102006,2499.5126126835594,1.1855504757888595,0.478162541534554
195_4,minor_road,0,34.8826092321198,-2.4296748208444097,2499.5151490504186,0.7514700767320949,0.50369419447102
195_5,minor_road,0,34.90393387590398,-2.4271834357541433,2499.3615911685815,0.2987478646420985,1.63802041427674
195_6,minor_road,0,34.92507376384463,-2.4295093168670623,2500.415027320048,0.9835912411175,2.49571959850052
195_7,minor_road,0,34.926206057663485,-2.447726658971197,2500.3355201848653,0.12234163464737707,2.35347316612382
195_8,minor_road,0,34.9365211520943,-2.465129791272791,2501.348178266585,0.5619432157215681,2.29254508824632
195_9,minor_road,0,34.941560346539575,-2.4850157099217234,2150.0600393355317,0.16204048055669687,4.14529779528725
197_1,minor_road,0,34.835875489263664,-2.490579272670727,2499.5651131139907,0.1489976838686352,4.05316298338816
197_2,minor_road,0,34.854058066223764,-2.502952967665665,2499.871118379393,0.08223562576109203,5.27103098662423
197_3,minor_road,0,34.872803668624535,-2.503628426586139,2499.9907616025166,1.2484399239663246,5.46328141091916
197_4,minor_road,0,34.88608109058373,-2.51170820324781,2501.0241197014375,1.868286218340379,6.8074351729438805
197_5,minor_road,0,34.894359862406766,-2.527651466782316,2500.2347089367913,0.9532741763175944,8.80484494945123
197_6,minor_road,0,34.90536132068411,-2.541048157629231,2499.792865243164,0.05954606074173004,10.6854085534828
197_7,minor_road,0,34.92179165475768,-2.553373125063983,2500.370643189515,0.17711515410686482,11.8747059367888
197_8,minor_road,0,34.92339313857583,-2.5729436935533143,2501.213535643638,0.6676873223539882,13.168825112986
197_9,minor_road,0,34.93079629041956,-2.591414211215406,2500.3647887148154,0.9691718603173304,14.1844804521485
197_10,minor_road,0,34.944676132182146,-2.6085149852421474,2500.6962111849757,0.5499838867607796,14.972733786625
197_11,minor_road,0,34.950870146994895,-2.6296102629284617,2501.1099867617654,1.6883501523356428,16.8180941992552
197_12,minor_road,0,34.96247575284895,-2.6486406891898566,2500.961687453236,3.4396138290408795,15.5493494513362
197_13,minor_road,0,34.966574222650685,-2.6701135013523793,2501.178769078094,4.256824463104798,13.1239909351341
197_14,minor_road,0,34.966146774140746,-2.691620761902859,2501.2865714313753,2.9825935756359527,10.7502848649228
197_15,minor_road,0,34.96014900721902,-2.7131528991964724,2501.1381135674474,2.665847096296862,8.51135721003809
198_1,minor_road,0,34.93386783350405,-2.5558528339842748,2499.23788107118,0.25726918166368923,11.0131737175011
198_2,minor_road,0,34.95425102494786,-2.5596875938305215,2499.411381349714,0.3901276234827199,9.794071756542468
198_3,minor_road,0,34.975403345639464,-2.566104674386791,2499.6468265966246,0.10279836712799366,9.24181841920487
198_4,minor_road,0,34.99132512970322,-2.580649312728735,2500.1686005419256,0.8890352110061894,10.3085587555791
198_5,minor_road,0,35.00625989466007,-2.596697848122146,2500.6486924329724,0.34316494909532563,11.6743398225027
198_6,minor_road,0,35.01682701598181,-2.6163988489423833,2500.7294494343423,1.745071545985428,11.917037461923
198_7,minor_road,0,35.028571245069806,-2.6353143914197203,2500.4981299715982,2.874919265785854,12.5036467639458
198_8,minor_road,0,35.046783906799206,-2.6446285152696007,2499.2690718340027,4.080829967170702,12.2428415276784
198_9,minor_road,0,35.06440435260929,-2.657225877586921,2500.565916221403,6.216752144378894,11.4643786280813
198_10,minor_road,0,35.073094107968316,-2.6777058170628028,2501.019162041862,8.668269615752287,11.9596066743639
198_11,minor_road,0,35.08232072006028,-2.6954925742912854,2500.2453053002755,9.789891852838872,12.6492328118758
198_12,minor_road,0,35.101125915072636,-2.684936100951316,2499.7350087778223,7.639254156116829,10.444364737058
198_13,minor_road,0,35.11313570369368,-2.6670349714760255,2500.806270650257,6.0519422624553405,8.04617000506062
198_14,minor_road,0,35.106827589733314,-2.67048276152147,2500.144040753215,6.849432802781811,8.772092197478711
198_15,minor_road,0,35.09110598663792,-2.6865383630449484,2500.128015157939,8.75331687817674,11.2588503093307
200_1,minor_road,0,34.97224730228572,-2.7102009762229433,2498.7303399721945,3.745164232371578,8.622752067793401
200_2,minor_road,0,34.99468297334842,-2.708961444596526,2498.690786400444,6.131659357846187,8.921065210274861
200_3,minor_road,0,35.01709286868238,-2.707699306558165,2498.7016992310964,8.579059441860563,9.8652731002282
200_4,minor_road,0,35.039296456756084,-2.706925248817214,2498.745607279444,10.788097346355844,11.235266338097
200_5,minor_road,0,35.061537841616754,-2.705904005804897,2499.294922735764,11.080954062764166,12.9584159621976
200_6,minor_road,0,35.07979753251982,-2.6964800700942244,2499.9729326888637,10.081204071285548,12.9138962998737
200_7,minor_road,0,35.07514091394885,-2.7131826435190316,2500.4628963604564,10.219163588548202,12.0212267706728
200_8,minor_road,0,35.081026530795874,-2.7313178716773696,2500.1018731078593,8.86934439404098,9.965039156144073
200_9,minor_road,0,35.09712581976087,-2.7460873070601983,2500.529001285541,6.772549122752512,7.625396487441001
202_1,minor_road,0,35.10734123820856,-2.741939350804656,2499.121104914633,5.736623026795084,7.56836081048319
202_2,minor_road,0,35.1281642068329,-2.7394985448442104,2499.72747541835,3.6356848795512855,7.382330907462561
202_3,minor_road,0,35.12538257867592,-2.757912482852502,2501.078229846522,3.603853534769101,5.36060476928439
202_4,minor_road,0,35.12151329931912,-2.7790662955260053,2501.253223178062,4.891406496408414,3.14601735161879
202_5,minor_road,0,35.129623132856985,-2.799293439988609,2500.6857355388893,5.916844050947673,0.7319153516892689
202_6,minor_road,0,35.12371388083265,-2.811340199820117,2500.7508193672757,6.421760259178433,1.00281781692316
202_7,minor_road,0,35.120026254693904,-2.7892803699137128,2501.209571996859,5.740620076214759,2.1910588892535996
202_8,minor_road,0,35.113211747290194,-2.76896966316422,2361.2496384485935,5.20817044604415,4.53857689252954
203_1,minor_road,0,34.69935082810143,-2.4879524545613294,2499.3926804473363,3.4093661197334124,2.5049848959664702
203_2,minor_road,0,34.720524768463974,-2.493759526322348,2499.299557443893,2.9654066079922736,1.53526373651192
203_3,minor_road,0,34.74115676926839,-2.499382100787218,2499.7767299142542,1.836975628001855,1.93411917590517
203_4,minor_road,0,34.72414228128616,-2.5117180157125016,2499.6918801448332,1.058387677889698,3.55863962586082
203_5,minor_road,0,34.7053020727102,-2.523699159752264,2499.6536060686367,0.8200476470434217,3.63898061161327
203_6,minor_road,0,34.68511387664657,-2.516992775643089,2499.707684031528,2.453403556325296,5.69167800995809
203_7,minor_road,0,34.66519450726884,-2.51156944156641,2499.430306062368,0.5599470880216767,7.07690127628976
203_8,minor_road,0,34.64748813174181,-2.4990297762245093,2500.732803349459,1.0936445216566366,8.38287979341181
203_9,minor_road,0,34.64567835023627,-2.479718063853132,2499.991273015213,0.7817055633483485,7.990787620767429
203_10,minor_road,0,34.625160018626275,-2.4764469081707796,2499.707979625682,0.38103854088871025,7.2795196109459805
203_11,minor_road,0,34.60494233396948,-2.468282513019424,2499.4628764100767,0.3527575970140016,6.3314056186165795
203_12,minor_road,0,34.5841120286584,-2.4687707301506903,2499.398695587638,0.5387440842468751,4.01720756750964
203_13,minor_road,0,34.562949886188825,-2.463560594116484,2499.9045928534624,2.7671770199372148,1.89464908997954
204_1,minor_road,0,34.55212734163297,-2.286778022741689,2501.4009154965956,0.14537879170421977,1.82052184281877
206_1,major_road,0,34.847875029404484,-2.3104678662961766,2500.9929622507143,0.5245856352072455,3.45892446132849
206_2,major_road,0,34.86557067215949,-2.2996011145508133,2499.6002653978508,0.6871495123477687,5.06319300381353
206_3,major_road,0,34.8875961857407,-2.3001507548264035,2499.531727658655,0.9025929401474786,2.62280708821639
206_4,major_road,0,34.90920277812118,-2.299754620457375,2499.7628323689646,0.44368333176463426,0.304188404005473
206_5,major_road,0,34.92682901841692,-2.289319069594097,2500.693859283709,0.2606059863280732,1.98960369584016
206_6,major_road,0,34.93710241239031,-2.2703451639616876,2500.7710551304685,0.18660372977768655,4.20678963277802
206_7,major_road,0,34.952551955621274,-2.2542794584803705,2500.655527026644,0.23825819504872048,3.61681748775496
206_8,major_road,0,34.96442671432344,-2.2358486920578926,2501.1329344871324,0.3898510715486606,1.19341132552079
206_9,major_road,0,34.96722642455945,-2.2144870628413194,2500.972722397481,0.5667873389408362,1.02105289895056
206_10,major_road,0,34.978742548321385,-2.1962615280878923,2500.8638117069045,0.421457521814945,3.29779159395759
206_11,major_road,0,34.99287536445872,-2.1792202376155596,2500.5430478987955,0.9289728334018448,5.69452996053508
206_12,major_road,0,35.010755781436345,-2.1658646925821445,2500.3488673568104,0.20955507545869995,7.999573536049891
206_13,major_road,0,35.02706017243528,-2.150516502658678,2500.549138732014,0.2910074333387271,10.4515116547051
206_14,major_road,0,35.04357625627733,-2.135353825034975,2500.6733742714705,0.1343036989063795,12.9177604077705
206_15,major_road,0,35.05877777255973,-2.11910072539214,2500.628614508363,0.27907675191180625,14.9157939730303
206_16,major_road,0,35.074365293744705,-2.1029252504428375,2500.6295187578544,0.1410615711734261,13.9040047391666
206_17,major_road,0,35.092314607951415,-2.090466972877522,2500.0396331130837,0.32848083439363607,11.5644618348372
206_18,major_road,0,35.11142590525511,-2.080240538322314,2500.678413373186,0.5175131985861504,9.411630040051971
206_19,major_road,0,35.127277826466134,-2.0645382264173464,2500.5752754428686,1.0621418365993047,7.01916232243654
206_20,major_road,0,35.135762228038615,-2.045475814461641,2501.452039656335,0.27845496064563896,4.70224123319659
206_21,major_road,0,35.1386855911875,-2.0232525224824767,2501.3979966399465,0.1823222826834681,2.54530455911527
206_22,major_road,0,35.14973916575558,-2.004834598876295,2500.847274812988,0.3627948747986585,0.81282225481909
