ID_road_seg,long_midpoint,lat_midpoint,length
1_1,34.7959797644701,-2.4182586978038385,2500.9585753413567
1_2,34.78236690869337,-2.4019008969009983,2500.3181846596563
1_3,34.76789239148549,-2.3850803368753435,2500.344318818275
1_4,34.759389057954664,-2.3781994452571755,74.284298159933
2_1,34.78924227607467,-2.4270004997825048,2499.3921077946006
2_2,34.76776623871378,-2.4208621147071923,2499.536626851918
2_3,34.7470798572664,-2.4138851794592653,2500.008769637938
2_4,34.73160172160777,-2.3988639548452966,2500.4596266853123
2_5,34.72270232509098,-2.385357455592449,1330.4190491968131
3_1,35.07022587494705,-2.7113663182081114,2207.408657452307
4_1,34.95069797335494,-2.7271586935327483,895.021314504967
5_1,35.091139827269494,-2.747326922594827,2499.4640689769576
5_2,35.07818639846336,-2.738850925440764,959.942231256682
6_1,35.08188396873083,-2.7075993859126672,2500.579479353942
6_2,35.070999201765765,-2.698893509008721,2499.400441993805
6_3,35.05245823555951,-2.7061135070182405,2498.832401073563
6_4,35.03034610632511,-2.7074267046794556,2498.7399520193812
6_5,35.007969726550186,-2.7083184046678923,2498.699966252951
6_6,34.985554396291555,-2.7094967299087895,2498.685800390684
6_7,34.963309811906164,-2.7103327540081734,2499.0813219487086
6_8,34.94851045093564,-2.7177728525891234,1362.2563161191779
7_1,35.079408408813556,-2.7782457644513423,740.6964830029675
8_1,34.922414068715845,-2.5404125334362235,2500.4941041593274
8_2,34.929940739126224,-2.530210211125322,442.5127830689453
9_1,35.06256092367751,-2.7179785655555704,2501.212700119058
9_2,35.063082179999576,-2.705822125880741,360.6306512778094
10_1,35.007733594516495,-2.825850749612835,2499.63173958278
10_2,35.02575747611757,-2.8125176324677104,2499.5414867517343
10_3,35.04330100546621,-2.7988060379492468,2499.4822922314215
10_4,35.062752437878686,-2.7876223001200655,2499.300074906207
10_5,35.08198160017993,-2.776322108523797,2499.571584736783
10_6,35.09943271298089,-2.7633013541508995,2499.1867987347296
10_7,35.11821224735669,-2.7519086025201025,2499.9111001032297
10_8,35.127819412899584,-2.741930269962766,585.7808226244865
11_1,35.087947952705306,-2.7599989568764234,2500.702908704994
11_2,35.076915809802976,-2.740555094531955,2500.496370330746
11_3,35.0651041005745,-2.729242368422397,1242.664584019612
12_1,35.06034868077719,-2.723830159806088,162.95865114346026
13_1,35.06190897171435,-2.719259488890089,181.18111673129965
14_1,35.070797822213294,-2.7201650262605304,2499.773789332913
14_2,35.085711867020606,-2.7357880971933106,2499.8163490982115
14_3,35.09480677435525,-2.7521141923826415,2501.039448555586
14_4,35.091034048443525,-2.7671198558939656,965.3949884182721
15_1,35.10734123820856,-2.741939350804656,2499.121104914633
15_2,35.1281642068329,-2.7394985448442104,2499.72747541835
15_3,35.1251670930164,-2.757848682369667,2500.030445579761
15_4,35.1130356544276,-2.75888696845436,414.6185685172973
16_1,34.960971515278416,-2.6785316152019263,2499.9999066181554
16_2,34.954190980368374,-2.69765377559602,2500.5951826536784
16_3,34.94515643707164,-2.711631289486241,1439.3802606217007
17_1,34.98068428916554,-2.678128729621687,2498.9301925717996
17_2,35.00195063974979,-2.6844632712015377,2499.1490313951444
17_3,35.02113869107283,-2.6957787596146754,2499.245475585116
17_4,35.041509257392214,-2.6999203349905763,2499.43721984407
17_5,35.05170337701219,-2.705919530799733,168.61786023405344
18_1,35.11333658335365,-2.7695859256829145,2501.2339967870976
18_2,35.12017627447112,-2.7905290320084446,2501.2362279326203
18_3,35.123384277762916,-2.8122160173995168,2429.085751193259
19_1,35.105099396996486,-2.75395199339441,2500.033387615624
19_2,35.11592419588179,-2.7453379769361774,2263.1997442728966
20_1,35.061521639200734,-2.7165212832813483,2501.309152604439
20_2,35.05656174501599,-2.7376493198540914,2501.1739246834213
20_3,35.04873889262837,-2.7583434679766015,2500.9715757409235
20_4,35.04193690768042,-2.7796048530500985,2501.070832587165
20_5,35.02992545376127,-2.7980327581098043,2500.5423874482235
20_6,35.024444308077726,-2.8108360512058725,635.5348518525183
21_1,34.77542648646885,-2.6499442440924907,2500.2144412880134
21_2,34.77056654329772,-2.6374821137520947,638.8702524015644
22_1,34.77798072955784,-2.750150163587944,567.6484547746775
23_1,34.77107723478901,-2.7357422791216277,2500.5274717038565
23_2,34.75714952381164,-2.718411554909361,2499.6781614240813
23_3,34.737738817424315,-2.709234561361081,2499.4168236631363
23_4,34.71885076140296,-2.6974814130610527,2499.4791964140445
23_5,34.704601969055524,-2.6903524389141777,1110.0206644168757
24_1,34.79485328078715,-2.5101923056436357,2500.3307218126643
24_2,34.78248955286707,-2.5266191471868154,2501.1004034265184
24_3,34.78562143321418,-2.5456948511691704,2500.7469203513574
24_4,34.79943172608577,-2.561765549021429,2500.5803926321787
24_5,34.79150257476617,-2.582394448953302,2501.1191256679413
24_6,34.78655137646649,-2.604214024918696,2501.1265112450287
24_7,34.77680808130547,-2.6227715878857154,2500.6666193164815
24_8,34.77025087938647,-2.633450119509334,311.8263299598521
25_1,34.220791023229225,-2.1691162822061245,2501.250486745897
25_2,34.231227640086814,-2.1618994613849556,2499.789367691618
25_3,34.25350322384246,-2.1626452685195954,2499.7323878146094
25_4,34.2752305307523,-2.1600272364168225,2500.0351116731463
25_5,34.295761222893,-2.156987266308867,2499.7186990980085
25_6,34.31804942262515,-2.1583809187942102,2499.738397433062
25_7,34.33931706087143,-2.1633586322715166,2499.8899552721527
25_8,34.35857529563167,-2.1689352303483442,2500.249170961187
25_9,34.379083184085594,-2.174855177838941,2499.8345203436843
25_10,34.40088569072663,-2.1749803434807915,2499.8045070945773
25_11,34.41300808310985,-2.1722226787804226,371.3119309897828
26_1,34.74310172358919,-2.622184218763592,1016.7009102986636
27_1,34.900955925807644,-2.670574236593151,2499.3199267271684
27_2,34.88743737799646,-2.662759763242696,1472.8256497900093
28_1,34.82052575789792,-2.54717543727672,2499.4337600358845
28_2,34.830132633424476,-2.531196024465523,2501.232673092963
28_3,34.826202827508766,-2.5174008478350003,777.3159862100617
29_1,34.16223803276491,-2.1946560427574267,2501.111864689241
29_2,34.1574473515228,-2.20969286920368,2500.0020416473862
29_3,34.13687280680842,-2.2114768145073653,2500.047245508725
29_4,34.121455231434666,-2.2006206931754178,2500.7604359816482
29_5,34.13045947388057,-2.187864481960963,1112.716824198451
30_1,34.123295614017096,-2.1723175127943173,2500.789820140752
30_2,34.135069416505026,-2.1663832248528205,2500.1168372302427
30_3,34.138505895914065,-2.1759478796056646,1873.6900423895802
31_1,34.78088297986471,-2.6259845154073695,2500.473785252074
31_2,34.79889490368527,-2.624734867273313,2499.4909732767596
31_3,34.81730756318518,-2.617848374223051,2500.4087891378076
31_4,34.81398950653758,-2.5982308661897235,2500.9751310772613
31_5,34.80531345547284,-2.5783830836634998,2344.577797773137
32_1,34.81985007408802,-2.5069522540176417,2500.884002928611
32_2,34.81732512464764,-2.4936918933189807,596.1555333582089
33_1,33.86822908476283,-2.1018974725658612,2501.294033372148
33_2,33.87165629304513,-2.1237913598469853,2501.438645745653
33_3,33.870271398836735,-2.146216792082102,2501.468572650492
33_4,33.869720974781536,-2.168678464456316,2501.470688889813
33_5,33.87032558906236,-2.188263890462464,1877.4221367053385
34_1,34.80682959321492,-2.3879426734092895,2501.0352045926575
34_2,34.79325621767715,-2.3708155743103503,2500.279794382677
34_3,34.77653721620832,-2.3558445046575547,2500.2572756421646
34_4,34.757874441141304,-2.343831361794424,2499.7908597122073
34_5,34.73705693772502,-2.3360315112418326,2500.1191891724075
34_6,34.72314639492295,-2.3184214267872667,2500.4053447029805
34_7,34.7056420942016,-2.3055331236617467,2500.6168361994983
34_8,34.690669594867266,-2.2897270308402558,2500.1140058129336
34_9,34.67404162669856,-2.275310038683432,2500.6620638415307
34_10,34.66217580468225,-2.257335843855777,2500.7886538080375
34_11,34.64463288045595,-2.248553477984305,2499.8747546358572
34_12,34.62597657782515,-2.259858547446676,2500.274058629675
34_13,34.60846301384648,-2.2738418159687743,2499.952014088458
34_14,34.58710284519294,-2.2792797047940807,2499.6553894509902
34_15,34.56625292190832,-2.27601985993807,2499.8891858714687
34_16,34.546089431560766,-2.275083627889001,2499.715735833164
34_17,34.52387493813998,-2.2754602166650906,2499.5428819823524
34_18,34.50169306739198,-2.2789725951408144,2499.5975175320264
34_19,34.48008584540134,-2.285133966962816,2499.6355684679374
34_20,34.460397982511225,-2.2827099116794245,2500.2426332579425
34_21,34.445563192702735,-2.267153112211664,2500.634055452763
34_22,34.43223174676077,-2.2500357810700007,2500.2785920634096
34_23,34.410030447615725,-2.250224047670486,2499.602851295513
34_24,34.38784260655894,-2.252846332532981,2499.6896000026095
34_25,34.367587768930754,-2.2586387885337555,2500.1936716582513
34_26,34.34940177504407,-2.24598826656535,2499.943688723352
34_27,34.329370427044246,-2.235805628789153,2499.9837037245725
34_28,34.31000656195731,-2.2244403662039054,2500.124465374292
34_29,34.291037593006955,-2.2127633084103957,2500.3636059391615
34_30,34.27680936099647,-2.1964788108446407,2500.3568934191617
34_31,34.25655829493906,-2.1966022929636213,2499.879607573696
34_32,34.23642668667134,-2.1881390213846226,2500.313510047481
34_33,34.21741635652421,-2.1784570146692586,2499.833489905273
34_34,34.195822875940436,-2.18347996458083,2499.7728786779016
34_35,34.17423384764327,-2.183896992438766,2499.78833814784
34_36,34.152328124180194,-2.18499106845055,2499.74529123896
34_37,34.13058837893978,-2.1829164437069015,2499.7772230069622
34_38,34.10910991611556,-2.1871081261053398,2499.8852395500435
34_39,34.08814792443819,-2.194369662342871,2499.850890266853
34_40,34.067359219076245,-2.199039097926142,2499.8918622535925
34_41,34.046245157756765,-2.1915005600308115,2499.8343020753264
34_42,34.024822861259224,-2.185162559443956,2499.8136414977353
34_43,34.00334987756196,-2.17858887665872,2499.82941105215
34_44,33.98241834195793,-2.1709532724544065,2499.9753455313603
34_45,33.9612094097694,-2.1646667913563657,2499.8043105369693
34_46,33.939810432779595,-2.1597456400080093,2499.8836494744924
34_47,33.918719115623645,-2.1623106997096353,2499.972411090409
34_48,33.898058627754814,-2.1709818068134275,2500.037872612542
34_49,33.88364708955085,-2.1858393663015265,2500.6328661159605
34_50,33.87255783735396,-2.1928299161221187,483.5280950245986
35_1,34.858553760962806,-2.461722514694472,2290.2187555227442
36_1,34.843103274452076,-2.3049036272974077,1657.3444713939984
37_1,34.88415117672546,-2.5125015656260414,854.1862540494643
38_1,34.02886488294617,-2.2721301464165,2500.4792702535433
38_2,34.04470630360342,-2.256295354045602,2500.6064755996604
38_3,34.055904942667766,-2.2384114324678324,2501.0168181402305
38_4,34.057210161635275,-2.2188236599533258,2500.7073004944023
38_5,34.06988424605065,-2.2042264785900754,2500.75973529156
38_6,34.06130589454252,-2.214033913484909,2500.6545612945138
38_7,34.04642413437435,-2.230870907232808,2500.6420640436745
38_8,34.03154237420617,-2.2477079009807066,2500.629472245869
38_9,34.016661294940235,-2.264544124366319,2500.390661479985
38_10,34.03257826769841,-2.2543938498541722,2500.0928669059795
38_11,34.04777330428473,-2.2429674785567593,2012.6723649088776
39_1,34.02304697108508,-2.2690355099577655,1400.8870493493746
40_1,34.81020206912321,-2.4798253690099874,455.24096941172746
41_1,34.92238345460919,-2.6870495372243908,789.8642485926994
42_1,34.92943850787544,-2.7056230130918824,207.68655907590426
43_1,34.90100204165319,-2.4657533096316997,2499.591573054357
43_2,34.916062960244645,-2.4770602030539886,1997.1793139915671
44_1,34.92836700134094,-2.5024683191200463,2500.3070247807696
44_2,34.947521985111884,-2.512489671347763,2500.0731317747354
44_3,34.94153470415647,-2.5234875816355262,581.7488125681432
45_1,34.94261008687917,-2.524848240183354,366.1732148955157
46_1,34.928817705689134,-2.529530127325923,223.45401587111746
47_1,34.89107676542289,-2.5148438935045454,712.4891300750637
48_1,34.89906286069271,-2.539732154967043,179.38078470891193
49_1,34.89133546296455,-2.5325647576956123,921.7978797603932
50_1,34.912364276743226,-2.549411697387525,2500.1649392978456
50_2,34.92241527077663,-2.5595910844305183,1200.7850984463544
51_1,34.820138991269765,-2.4998329971344644,2501.101490071548
51_2,34.82873798528799,-2.5200019736387462,2501.086843966512
51_3,34.83245123455486,-2.541450752532804,2500.8213964358515
51_4,34.845703480212016,-2.5571405456121448,2499.8023496975356
51_5,34.85848536098866,-2.555001851969776,508.160284304568
52_1,34.8202300856111,-2.429485262668871,2500.3328233055413
52_2,34.84081609017262,-2.428903455163509,2499.5777847455765
52_3,34.86013389552061,-2.4200903969113883,2499.8751140106765
52_4,34.87225050487369,-2.427566702520525,893.6069870241795
53_1,34.62188188758018,-2.2533632626133207,2499.6975467315388
53_2,34.60034428418407,-2.2567886759131075,2499.6097094835313
53_3,34.578255481458356,-2.258177254994508,2500.244196955692
53_4,34.56745067301161,-2.2705986887937306,1484.6074266195112
54_1,34.566111024450706,-2.2820183861783208,2151.4824224396966
55_1,34.62386212531436,-2.417313870360404,2500.533742310227
55_2,34.61479127575296,-2.4003733395994273,2500.2837248821356
55_3,34.62833379788859,-2.4042796261498007,1512.86818818397
56_1,34.89255248108519,-2.4216761746899675,1395.4827640394446
57_1,34.82973434562433,-2.271223083500098,59.78965258869009
58_1,34.2052346248869,-2.1784762225544787,2499.7954498256
58_2,34.18382622250971,-2.173982623690948,2499.8621089644207
58_3,34.16388380103037,-2.169959486546135,2500.1200755115174
58_4,34.147959007110394,-2.170635437657978,1449.4877543678188
59_1,34.733154513782665,-1.6729738594084167,2500.7223150566406
59_2,34.75259412607156,-1.6662997017698051,2500.955828817225
59_3,34.767833785235254,-1.6507061499078426,2500.685682024702
59_4,34.78962414574354,-1.6457769227703423,2500.6366924947392
59_5,34.805114358139306,-1.631453177720421,2501.2530989978195
59_6,34.80779959447572,-1.6097028058556846,2501.377481478531
59_7,34.816777775378434,-1.5901298381242892,2501.1168386263184
59_8,34.83137509056716,-1.5930172550943504,2500.8288556763487
59_9,34.84941568910643,-1.583860065243858,2501.0052996245586
59_10,34.867270723415544,-1.5717296965162313,2500.7107099540135
59_11,34.88219093518161,-1.5659013326771036,1398.527782050065
60_1,34.11626758571312,-2.1539601045039287,2500.699915767868
60_2,34.12229431295594,-2.16439313684039,776.6634864394455
61_1,35.164418167394665,-1.9966300707888947,2500.4396926240893
61_2,35.17982910013229,-1.9955696729936443,2500.6550775391756
61_3,35.1977102139331,-2.006334921505523,2500.5426933527197
61_4,35.21013157920881,-2.021203751520197,2500.635672540178
61_5,35.195483506222374,-2.035993864222881,2500.8574485563686
61_6,35.18230533894252,-2.0483298241856183,2500.3198393056914
61_7,35.16273052567115,-2.046219022700091,2500.727579762788
61_8,35.15662843823179,-2.060937212644654,1230.911918623344
62_1,34.846229990508434,-2.3071067629331536,1092.8584214995697
63_1,34.81108147865084,-2.4504545443045367,1494.4010732520157
64_1,34.8129685732086,-2.445526837459135,1238.2593954588074
65_1,34.791796084504355,-2.7561682083138828,2499.762116743401
65_2,34.80605969078107,-2.7401250339982495,2500.3172823923346
65_3,34.80181948960422,-2.724483399034325,2499.9148113402634
65_4,34.78602965045758,-2.710956250064313,2408.9471173147326
66_1,34.76454240283233,-2.7757377565022967,2500.1948884044805
66_2,34.749686141246976,-2.779398091155685,2500.38715847711
66_3,34.745694141543666,-2.7596346449275098,2501.2930296319637
66_4,34.746583459428486,-2.738765862075137,2500.9291814406483
66_5,34.75493423327097,-2.719804351913011,2500.5895587492087
66_6,34.7659488292695,-2.7014440668434565,2500.692176910681
66_7,34.77706198316937,-2.682984917037074,2401.8342376227374
67_1,34.78754675807539,-2.6495675986971343,2501.1965787613135
67_2,34.78202675792698,-2.6706600829831406,2501.372573597048
67_3,34.781188957516605,-2.6929996640291103,2501.3402690578787
67_4,34.77667928436277,-2.7144268603211845,2501.3408879970902
67_5,34.77773462824243,-2.736864421623778,2501.262772640761
67_6,34.780548757842375,-2.75412960604806,2500.380691600492
67_7,34.76748416971379,-2.767208587829272,2368.603956027232
68_1,34.73348674107062,-2.1914912267235342,2500.2631539691133
68_2,34.74963125557303,-2.2067871838464614,2500.6061230434548
68_3,34.764585193214444,-2.222978183963886,2500.389255266839
68_4,34.780382316395624,-2.238565271952139,2500.789988594386
68_5,34.794262584182114,-2.256092685671628,2500.2661775814067
68_6,34.81394850718582,-2.2643478239555286,2499.755812890966
68_7,34.830309152799785,-2.2752234722306586,2501.1475304857822
68_8,34.83167908079196,-2.2972371667770015,2501.006810960989
68_9,34.841513764826516,-2.3146026249347718,2500.8770267551363
68_10,34.8420534578136,-2.3339432871634567,2501.055883737656
68_11,34.831551318037945,-2.3534142376393103,2500.8527107584728
68_12,34.82230854779761,-2.3736039969194627,2501.26409778561
68_13,34.813372686575626,-2.3938811189615503,2501.0033631324873
68_14,34.804835692162136,-2.4144245452276425,2501.1247799927282
68_15,34.80635392120349,-2.4339852038066203,2500.462597767044
68_16,34.81575880753387,-2.4490878529883933,2501.2134096901937
68_17,34.821871869066975,-2.470409775676929,2501.4015365177524
68_18,34.82927854504795,-2.4906353154682512,2500.88651037555
68_19,34.837616153823056,-2.5105314502638283,2500.905018928158
68_20,34.84752140367306,-2.530238312036814,2500.956282011002
68_21,34.857173599061305,-2.5504549121069964,2500.7281559780886
68_22,34.87076406691333,-2.5680944675077733,2500.853251034144
68_23,34.87979326309817,-2.588581619400226,2501.0623982961815
68_24,34.88909732811035,-2.6090270972722993,2501.0192833861033
68_25,34.896527462687146,-2.629994948356758,2500.94260190587
68_26,34.90648090816473,-2.6497899361269415,2501.225489349989
68_27,34.91245641628802,-2.671401583334828,2500.690550424808
68_28,34.926204152441386,-2.688402285303487,2500.6688269714487
68_29,34.93747695474145,-2.7078282892444245,2500.865407915964
68_30,34.947851528771395,-2.7276446701844144,2500.767054362265
68_31,34.95900220969373,-2.747147261097796,2501.0117253752414
68_32,34.96781340256166,-2.7675835778653175,2500.8791363053947
68_33,34.97711990381119,-2.7879254070609556,2500.868772404865
68_34,34.986811837987084,-2.8081881114484575,2500.9436950859163
68_35,34.99450656728389,-2.829025855990368,2500.3015296275635
68_36,35.012496541258095,-2.8408183254927497,2499.282153208458
68_37,35.03197658481283,-2.851980396856136,2499.10471545641
68_38,35.05218529913373,-2.861535877371319,2498.8255060280926
68_39,35.07262663422001,-2.8708701257272,2499.0731937823057
68_40,35.09168822942401,-2.8826349975444536,2499.1306833285744
68_41,35.11100466747337,-2.894116238768276,2499.0829374471627
68_42,35.129548493137754,-2.9048320327006745,2278.36943033947
69_1,34.98277543694654,-2.9643938286148233,1559.2214090270975
70_1,34.73251814208213,-2.344888639562055,2500.950187161344
70_2,34.72329690547966,-2.36468681575828,2501.340733934507
70_3,34.71508485392893,-2.3803097027342313,2499.9779037752032
70_4,34.7038146355106,-2.384407597496378,384.1179880637471
71_1,34.7645165257779,-1.4984780604146193,2501.378799736434
71_2,34.77330415266689,-1.4786235240437795,2501.3327217133287
71_3,34.77863416578594,-1.4594026800406619,2169.419173139829
72_1,34.801326877465584,-2.439867999169496,2500.848348149628
72_2,34.80747373915549,-2.422181405715541,2500.480462122102
72_3,34.81716373069061,-2.403462949608596,2501.0207226546413
72_4,34.81944188175958,-2.389753723541303,1016.759926383104
73_1,34.76144556241375,-2.36328740232513,2500.3526921765415
73_2,34.75925091906493,-2.3785781088247715,2501.182189760405
73_3,34.76567818432794,-2.399585427747173,2501.3134810397464
73_4,34.76270032352131,-2.41515223902958,1090.1211563050613
74_1,34.80350635330218,-2.3512748726432497,2500.5096059736493
74_2,34.790021714339325,-2.3396285113189372,1740.9207262397913
75_1,34.76980537887986,-2.4813651509609973,2500.6449185657766
75_2,34.763236476779056,-2.461611147183696,2500.9766771291343
75_3,34.76093832670805,-2.440999087087697,2501.0452285092592
75_4,34.75761674425926,-2.424329665123832,1688.6190564008966
76_1,34.679625299875916,-1.5515457027316113,2500.72634549113
76_2,34.699602139958806,-1.5552334332275377,2500.617688439312
76_3,34.71924838257124,-1.5468981078083905,2501.0789944492985
76_4,34.72986038799444,-1.530367377413577,2500.9970481967566
76_5,34.74791673755992,-1.5173995403403295,2500.8188672097403
76_6,34.767017804703265,-1.5060039911532137,2500.796783622797
76_7,34.788659316640846,-1.5005521177504644,2500.6364383991095
76_8,34.810345228980175,-1.504406322810342,2500.713112110428
76_9,34.8316473551346,-1.511324887472574,2500.749240387781
76_10,34.84666410816965,-1.5249551655004068,2501.128970728329
76_11,34.86204975002458,-1.541137500757224,2501.0053852737888
76_12,34.88073014860613,-1.5517500675028493,2500.680842781216
76_13,34.89593648275373,-1.5543903377869321,1133.4745640960762
77_1,34.974749345310286,-2.5453912763575706,2499.625983311518
77_2,34.99545431775643,-2.5528348471395805,2500.0438000871613
77_3,35.009125676952316,-2.5703665048819184,2500.0063640471894
77_4,35.02770531868312,-2.5818226890876597,2499.5733330384614
77_5,35.04900006554058,-2.585557029190164,2499.0769897005985
77_6,35.07078110729968,-2.582177097371375,2499.1066855943877
77_7,35.09195664777999,-2.575832399083715,2499.4615955703744
77_8,35.11192715932772,-2.568738025949384,2499.4148328092333
77_9,35.131072346256836,-2.5678101720020883,2500.0839469179696
77_10,35.144872972837696,-2.5853276715147686,2500.2714307613774
77_11,35.15761287326703,-2.6022821848685127,2500.9851774347594
77_12,35.15856045944494,-2.623011354028644,2500.7214677988572
77_13,35.174254556215814,-2.6377311513484702,2500.0571998274677
77_14,35.182636218416086,-2.6471266317088595,328.38119398935
78_1,34.89900080638751,-1.689499769196142,2500.9322517422534
78_2,34.883324240426454,-1.6991653515282943,2501.0061998145397
78_3,34.87789326185816,-1.7190205470096593,2501.211546968765
78_4,34.883150777895246,-1.7385096751249856,2501.1636748095757
78_5,34.89102586671294,-1.7565412715012405,2119.8596772624096
79_1,34.84924826219554,-1.5076175569092618,2500.7644497871174
79_2,34.87002190692453,-1.4998682579606963,2500.676495629533
79_3,34.8902438766573,-1.492116468483431,2501.0227570148304
79_4,34.89762492440396,-1.4826035428125819,219.90040878727484
80_1,34.89095001279951,-1.5783879481242529,2501.1224806891237
80_2,34.909451657067635,-1.5863148033455063,2432.614171962687
81_1,34.88808597576618,-1.5805026540010014,1244.4689692044444
82_1,34.89608844442711,-2.5505216747322303,2500.951244691692
82_2,34.908870975301404,-2.568194962836923,2500.1309271655446
82_3,34.91972575408487,-2.579099981796982,1032.5811009827903
83_1,35.155889239747665,-1.6456151548378712,2500.718602317732
83_2,35.171116812393166,-1.6535051896404889,2501.0204958848267
83_3,35.186112389190136,-1.666473760281527,2500.590382721471
83_4,35.206673547210706,-1.667406589605342,2446.5466280980027
84_1,34.92382506970717,-1.6510131291570582,2500.799607814545
84_2,34.94423349081735,-1.6486168288761076,2500.746516015634
84_3,34.955464259968764,-1.632531055396536,2501.3882071072694
84_4,34.959931271426804,-1.6109928812500296,2501.2970630263376
84_5,34.962582264710925,-1.5910183966055849,2501.2378905737683
84_6,34.97031558131304,-1.5851795156538653,681.0367494634363
85_1,34.89764025472042,-1.704067288670826,2501.2812336506418
85_2,34.902739052481465,-1.7137799206917823,200.42091747299168
86_1,34.896848746529876,-1.7089810703086856,1109.4652761515335
87_1,34.813533505472336,-2.3730012693978417,2500.4822227016907
87_2,34.80030664349104,-2.362946766383907,2500.3393948402604
87_3,34.78496062918084,-2.3538618256938166,2500.813520896338
87_4,34.78496798415823,-2.3336804802137374,2500.6630263147354
87_5,34.79043511550509,-2.320357386028594,2500.8082143258284
87_6,34.793297021251455,-2.3067217540436955,851.3212488113103
88_1,34.82263096905878,-2.4357849773370375,854.462947463911
89_1,34.82459652821579,-2.441809045546205,2500.2943832243527
89_2,34.82246605489868,-2.4558487203149846,1105.4177266588617
90_1,34.962158115567426,-2.2999174017540667,2500.050230172081
90_2,34.9415342921486,-2.30286878186156,2499.7396075555803
90_3,34.928190201825,-2.2973136350317978,1610.7395354029263
91_1,34.97348384022234,-2.1857314926371454,1086.446969929005
92_1,34.887704127826034,-2.138800433256336,2499.867616550764
92_2,34.90926784266114,-2.143294015265457,2499.825762173605
92_3,34.93114388532173,-2.147526300012073,2499.7732036865377
92_4,34.95325846328137,-2.150748149256502,2499.7995155732506
92_5,34.973127612437125,-2.1563253730268532,2499.9806921855156
92_6,34.986198351558116,-2.1605406076156846,570.8661322086052
93_1,35.11992519763567,-1.8240845611323069,2501.2206118503027
93_2,35.126142033923735,-1.8450970918876228,2501.4520992225494
93_3,35.127203879597864,-1.8669780992715734,2501.366287497329
93_4,35.12283814866896,-1.8858353120330504,2501.0118120297684
93_5,35.113071897026266,-1.9048001660394849,2501.1142736557103
93_6,35.10277761245219,-1.9246739558313715,2501.085908542181
93_7,35.093441981196236,-1.9435663054376446,2501.201628153347
93_8,35.08378154843735,-1.9630058068091207,2501.1468308775657
93_9,35.0737466265368,-1.982970825719715,2501.164649960666
93_10,35.063776615899535,-2.002680680829385,2501.1415271782557
93_11,35.05331523840175,-2.021849803156899,2501.130232041109
93_12,35.04611499476322,-2.0417731144887084,2500.793391068004
93_13,35.06535079288535,-2.0491636932431687,2500.0732900906783
93_14,35.085603754408744,-2.052824490069966,2500.0517569473395
93_15,35.10695892942068,-2.0523582448605415,2500.24048288838
93_16,35.12562463400961,-2.05844598351661,2500.3246174652904
93_17,35.13483182946697,-2.052867501773835,96.6422057877627
94_1,35.18212612747833,-1.794610553473762,1582.994535411036
95_1,34.92663224468031,-2.563341607510567,2500.6339576495348
95_2,34.940009874667076,-2.5802764204109767,2500.5979501794195
95_3,34.947686308628164,-2.60111975192056,2501.2805616141986
95_4,34.94709126244902,-2.61221455463346,60.235425072865155
96_1,34.77336603611705,-2.4147863881506884,2500.515244497475
96_2,34.77181166896877,-2.399702826539365,1381.0434421420582
97_1,34.77760941698776,-2.5029043670154785,2500.400390312553
97_2,34.76177920226362,-2.5176814571943176,2500.7464991428337
97_3,34.7533682,-2.5349799951642558,1866.411267701545
98_1,34.77017214979479,-2.5406577082700057,2499.265392334711
98_2,34.74839254550275,-2.5445066503599487,2499.177025534581
98_3,34.731560131163405,-2.5480905393837245,1427.8983297139673
99_1,34.12722344964525,-2.165836420912336,743.0706518520724
100_1,35.20969824256874,-2.004731395839727,2500.6084524865664
100_2,35.21823102783872,-1.9888789505097433,1558.7349026233267
101_1,35.06685927271611,-2.719311131056338,1369.2841054675841
102_1,35.21442613122069,-1.674154813319676,2501.400381828625
102_2,35.2103797,-1.6961116190264671,2501.348183121137
102_3,35.20116505033023,-1.7158614252838764,2501.3103671007334
102_4,35.19650104262608,-1.7373365044322295,2501.2841978549927
102_5,35.18766443294822,-1.7576325957399732,2501.2494072734703
102_6,35.17795325931916,-1.776842149994864,2501.2290213991964
102_7,35.18983115191993,-1.7912002867050565,2500.395454443206
102_8,35.2103644853806,-1.7948261593595263,2500.5943745625013
102_9,35.22071709962888,-1.8102834203599858,2501.3535285971852
102_10,35.22818126891167,-1.8301732686419079,2501.1981376912445
102_11,35.2209783184997,-1.8480252219529811,2500.987205105621
102_12,35.22248770712034,-1.8670003029879838,2500.803546800623
102_13,35.20426698041577,-1.8799295735686798,2500.7873934673603
102_14,35.19056505586164,-1.8965937708304137,2501.1136878284565
102_15,35.184852778864084,-1.9181104841922003,2501.1611580695594
102_16,35.17675429289346,-1.937706551306287,2501.1176138347614
102_17,35.16574565712768,-1.9545332805106663,2500.9345949704457
102_18,35.15658534220832,-1.9741314563366685,2501.362305152111
102_19,35.154399978263264,-1.9960034044469874,2501.217789673204
102_20,35.141546451203006,-2.012884899118666,2501.0251176762818
102_21,35.137272757780245,-2.034828250542544,2501.441735170829
102_22,35.13487573231669,-2.0571414388641642,2501.0463251928854
102_23,35.118167000811574,-2.0718676538180567,2500.659369828329
102_24,35.10268548309312,-2.08760450902657,2500.214554931457
102_25,35.08201896968973,-2.095361335906496,2500.401116204336
102_26,35.06611822547178,-2.1112305668693065,2500.655245580944
102_27,35.050511887445744,-2.127124076934892,2500.6716862421613
102_28,35.035252616009764,-2.1435603136994756,2500.5234987513677
102_29,35.019007439434645,-2.158994584528224,2500.52546253372
102_30,35.00115040705139,-2.172544371173613,2500.338464276148
102_31,34.98538672182939,-2.1878741037532947,2500.7219249537393
102_32,34.972991796479874,-2.2063478199395106,2500.8683349338453
102_33,34.96370950847328,-2.2252116086548246,2501.3138068980143
102_34,34.95800899272873,-2.2453669958058624,2500.856012425973
102_35,34.94390040199971,-2.262104543234854,2500.5522544746163
102_36,34.93060365965721,-2.280076588331855,2500.943939129197
102_37,34.91870598856593,-2.296459791819425,2500.0997995829107
102_38,34.8981114988535,-2.302411316285263,2499.5926016987605
102_39,34.87605453823023,-2.29852735261154,2499.5420679529834
102_40,34.8544089984468,-2.3023568680374464,2500.159000217099
102_41,34.84612462571207,-2.316012778246441,1198.3478493472978
103_1,35.16946371873362,-1.964104828385678,2501.182885391896
103_2,35.16904698542731,-1.985005789229548,2501.0870217611896
103_3,35.176103004572354,-1.9944106662450847,282.357994416164
104_1,35.1486013838213,-2.0197809856779463,2500.3682544063827
104_2,35.1584148517659,-2.0211546819190422,173.59912353723652
105_1,35.14607237015743,-2.0142859607660153,1389.458631626379
106_1,35.158600312124634,-2.0211209575749125,55.10498423831707
107_1,34.32499423249463,-2.2431289758701825,2501.0884471714276
107_2,34.32871711044049,-2.2637052567074387,2501.0908493009206
107_3,34.319753076988846,-2.2835095022157277,2501.335860261602
107_4,34.31707424131875,-2.305774101148205,2501.373781329724
107_5,34.31281127576676,-2.3273560946544287,2501.3316373213715
107_6,34.3074175508953,-2.3457473013108103,2500.356006268242
107_7,34.30337480945544,-2.357434236481784,2034.5759743338326
108_1,34.81905508389994,-2.4231464314658506,1279.3161761907445
109_1,34.92544965094882,-2.2886525934994846,343.83498511322796
110_1,34.92107168674056,-2.2876113746075664,846.4838590179563
111_1,34.99534177800922,-2.533260070020915,2500.126742080087
111_2,34.99249398853691,-2.5467030868815765,782.9021854237251
112_1,34.89208096930124,-2.512203528454491,2499.814541765791
112_2,34.91283326947571,-2.519980433000897,2499.3436839694264
112_3,34.93215912731429,-2.5288844856804276,2499.6392882358837
112_4,34.95240951232856,-2.5306960982136255,2499.625491547006
112_5,34.97222932805221,-2.537299971276677,2499.4418418693717
112_6,34.990938340047485,-2.52774254477201,2499.7556164548714
112_7,35.010777545062346,-2.5188562987484984,2499.453246001156
112_8,35.032245629675884,-2.523868194446427,2499.3632496119135
112_9,35.05026749142075,-2.5364895271772285,2500.1546399014705
112_10,35.06762071700094,-2.550142465930699,2499.8824780138034
112_11,35.0851886291184,-2.563434616357833,2499.81055324277
112_12,35.097817685336054,-2.571209347681878,821.0058116141591
113_1,34.415208944493685,-2.1670751310010363,2501.2433285132042
113_2,34.410672169154644,-2.1884390334770814,2501.3016228004267
113_3,34.409597291941,-2.209506688488582,2501.0874340064765
113_4,34.41263907793128,-2.2302431972053314,2501.340248431693
113_5,34.4076801413325,-2.2454978656993614,1105.9394169140537
114_1,34.92646471873284,-2.439669530448509,2500.940575841079
114_2,34.93404531585516,-2.4536750047479585,2500.686097406201
114_3,34.938098513014396,-2.4755313300897273,2501.2478173381223
114_4,34.94406161782429,-2.4897090388012093,962.7755257555432
115_1,34.38559287017108,-2.1562915612509093,1837.355947875823
116_1,34.911567087461954,-1.7376244445919107,2500.888846477249
116_2,34.90600400105274,-1.7372621647346074,746.9651467353513
117_1,34.82321026647292,-2.350374196602915,2221.9762006995943
118_1,34.84699333347253,-2.344342723160999,2419.934857031167
119_1,34.96213164209335,-2.2081884376941012,2499.76093019322
119_2,34.94193378873983,-2.2121160381014504,2500.0380397403737
119_3,34.925454267156276,-2.2189798413221697,2178.5444853813624
120_1,34.84311057727091,-2.4896643739838455,2499.582226476883
120_2,34.86289971131031,-2.4819700706457506,2499.301895197674
120_3,34.884065258895376,-2.483782292967919,2499.5784700003433
120_4,34.90086177047373,-2.491673967252207,1839.7550048812473
121_1,34.90504277473107,-1.6494596748136001,2500.6597710155547
121_2,34.89066425708071,-1.6455404976659807,2501.0381012257326
121_3,34.90221555788016,-1.6333570780483606,1365.608187960973
122_1,35.16889175431865,-1.9960557209246597,1408.7676079955663
123_1,35.159562162710706,-2.0097936978904882,2500.7757107596863
123_2,35.166388716624716,-2.0018076666850195,241.76490445986843
124_1,34.970989606191736,-2.2281808569131147,1904.146760465541
125_1,34.951486316209476,-2.237899558602701,2500.899957807676
125_2,34.95726145814662,-2.218448535873757,2500.924589988946
125_3,34.969683730502176,-2.200236580721299,2500.9765378688035
125_4,34.979874621543225,-2.1803145783184474,2501.144308098152
125_5,34.98508377663974,-2.1681768436721263,453.0349514307922
126_1,34.89609783061352,-2.454609269038236,2022.678690569898
127_1,34.89195974900096,-2.448084782983828,182.6204235948664
128_1,34.80816959167026,-2.196554476937993,2499.7968986613937
128_2,34.829544781247705,-2.196751171428916,2499.7546622916457
128_3,34.85139333845583,-2.1993474633080705,2499.8931474577894
128_4,34.87051266615662,-2.2080915432112227,2500.129632911556
128_5,34.88442270012772,-2.2171646132423364,1431.4409057515575
129_1,34.892954599999996,-2.41591335,18.35176676646227
130_1,34.86985607958267,-2.452123944548499,2500.3580952402476
130_2,34.888291968294915,-2.463529065442271,2500.1224232777863
130_3,34.88739167930054,-2.480920142753303,2500.07509226337
130_4,34.86931409125863,-2.4808646792015137,1762.2341623722605
131_1,34.87293080583161,-2.4671332251692433,2500.4182592891107
131_2,34.85682308826902,-2.4817976945680877,2499.825180369611
131_3,34.836482700823026,-2.4876657481141295,2499.3092195854647
131_4,34.81537699611757,-2.483233220867144,2500.07299980852
131_5,34.80628613517933,-2.4637061340507223,2501.039728643368
131_6,34.80070029366494,-2.454538718017367,177.2378152054552
132_1,34.80168451020352,-2.457353470138765,2501.0340964542543
132_2,34.80633262354799,-2.4784938667599854,2501.067123399966
132_3,34.82125944941948,-2.4888045082232444,2499.6314718886347
132_4,34.84121968906816,-2.49621069662062,2499.7401956358563
132_5,34.85946029273485,-2.508446968488234,2499.920282184644
132_6,34.87344574842319,-2.5247259903903636,2500.182251570638
132_7,34.88904450805245,-2.5380499570226442,2500.1118363237833
132_8,34.901785551891955,-2.5425117711950986,1017.8970801940218
133_1,34.886380019035286,-2.5135653499321333,2501.009285268929
133_2,34.87371562416215,-2.501950281200367,2500.1713561619786
133_3,34.85584040457021,-2.503671632740223,2499.7859026527467
133_4,34.83779004585314,-2.490709821000542,2499.6212064471406
133_5,34.82639738442458,-2.4872416927896515,214.10460697938905
134_1,34.802957958117695,-2.565503527939301,2500.7058010130745
134_2,34.80682265960029,-2.5462251903964286,2500.6794362131222
134_3,34.80413616089423,-2.527831377311514,2501.1050956878394
134_4,34.79998346049594,-2.5102209398597166,1792.9147360797604
135_1,34.88855400792241,-2.492171054342505,2500.7644526627264
135_2,34.883090116224174,-2.5018667214524686,317.8908666138505
136_1,34.812611638564654,-2.5376524508791816,2501.4013539844295
136_2,34.81402901470302,-2.5152426025013965,2501.45966626811
136_3,34.81525884946171,-2.4979851747343096,1379.4978438379098
137_1,34.8931461845164,-2.4875560084921085,2499.6431788314726
137_2,34.912419718321154,-2.489245223698736,2122.7441056264815
138_1,34.83134421845059,-2.540801252733734,347.0977963240175
139_1,34.9021835812168,-2.4728222192729064,2499.6846173324748
139_2,34.9196895368451,-2.4852582417227445,2500.364887146392
139_3,34.914286259151595,-2.498744983402621,2500.2162843351825
139_4,34.896180972640146,-2.5072322761481125,2499.4212873244314
139_5,34.88648995967461,-2.5127471120065024,36.83892934029023
140_1,34.687411922475064,-2.5983827217159505,2499.834217793612
140_2,34.68099111026259,-2.5916294471754115,2499.4521432598613
140_3,34.70253426162495,-2.593216871617048,2499.6693506460692
140_4,34.719174655393296,-2.60830512181837,2500.3249546911616
140_5,34.73382108845266,-2.62422550198785,2499.736645869855
140_6,34.752530451261926,-2.6275320062793965,2499.6943162046955
140_7,34.77246325140076,-2.6352257604151097,2499.0029859476044
140_8,34.79416578833888,-2.6401148211275633,2498.953404696847
140_9,34.816480503446186,-2.6426242623318217,2498.8579858514463
140_10,34.83876181244463,-2.645538780042502,2498.8522147027306
140_11,34.861043121443075,-2.648453297753182,2498.8464371973582
140_12,34.88332443044151,-2.651367815463863,2498.840653335328
140_13,34.90560569782111,-2.654282327730569,2498.826679829569
140_14,34.888108413650414,-2.6579939850588676,2498.9682150827143
140_15,34.867498469391364,-2.654906293604576,2499.6189036016226
140_16,34.84798423743183,-2.6450087584374544,2498.9293583500257
140_17,34.825625048087836,-2.642830734031344,2498.851939403254
140_18,34.80672035453681,-2.6408775119293413,1732.816715295328
141_1,34.771697449925576,-2.609736113596179,2500.668826653366
141_2,34.77076012521647,-2.5891703668635406,2501.0643782019374
141_3,34.78242658698306,-2.5785471197116463,2499.594624528963
141_4,34.79241483028426,-2.5770741904181635,266.89423579404206
142_1,34.777836866675436,-2.601581566750167,2098.373241889706
143_1,34.748225932872856,-2.6368953952871905,2501.157449243033
143_2,34.74626183867821,-2.6586574537607244,2501.1946035678757
143_3,34.73472264092466,-2.6763729978375044,2499.899798602564
143_4,34.71955260322996,-2.6877523066005233,2162.0503091165738
144_1,34.79807875853221,-2.4363847833953223,2326.8129325820723
145_1,34.79613050020022,-2.4468082614416145,197.5331282163313
146_1,34.78954676507472,-2.4562113089378532,2500.878513663897
146_2,34.784654273420465,-2.4770705259340557,2500.9174583003974
146_3,34.78373845843255,-2.494549539572738,2500.2154662780076
146_4,34.80094048840033,-2.503419145713672,2499.9484435296445
146_5,34.81203900981401,-2.49258553043438,1031.9316868002713
147_1,34.36166711696827,-2.1652335187066134,2499.7371142734837
147_2,34.38340370050807,-2.1700873359502393,2499.932213592004
147_3,34.403377466812366,-2.1616483879015727,2348.4918670759857
148_1,34.80625701098745,-2.497200824017904,2500.2386455682367
148_2,34.795559651627336,-2.5018490186138114,148.764006436858
149_1,34.80440555563912,-2.5576849967634843,1352.5445773300444
150_1,34.41418139406648,-2.2519399072848714,280.08150204162644
151_1,35.0851837646675,-2.7411660848270274,2499.0865332537155
151_2,35.09631698454694,-2.744968116059536,133.06250052495628
152_1,34.84921824913491,-2.4396153905285902,2499.4160201794452
152_2,34.835103397135214,-2.43343598685135,1059.5390860837583
153_1,34.87809300366155,-2.426721399984766,1182.7759167734907
154_1,34.961242220694196,-2.4386328462082583,2499.80488240458
154_2,34.94389762339734,-2.449430872370542,2500.286373950396
154_3,34.93602492048825,-2.458644451052418,254.017821291066
155_1,34.85655397867435,-2.4304775764698103,913.9365739154038
156_1,34.83275840963692,-2.4703115109298643,2499.628640825724
156_2,34.852421221812165,-2.4679277791430114,2499.2277905379365
156_3,34.86959935049939,-2.4675866926778234,2500.5419752449825
156_4,34.863911690055154,-2.4465019269486703,2501.195024094986
156_5,34.85854965834815,-2.429796786090633,1588.2092618075317
157_1,34.818671949999995,-2.385257,27.584014407341265
158_1,34.81880445,-2.3853513,20.288749555161832
159_1,34.819593370240085,-2.384234432674191,284.3858382957023
160_1,34.590148161088266,-2.286781140794307,2500.7080730231555
160_2,34.59903936272983,-2.3068464015238894,2500.969234056484
160_3,34.60587779269879,-2.3280303628732577,2500.801368976558
160_4,34.62289260532541,-2.34157063099196,2500.5308315224397
160_5,34.635038545820045,-2.359998772988208,2500.509717435044
160_6,34.6388409847065,-2.3751816572492355,2500.4228281024502
160_7,34.636225090664254,-2.3927178661464708,2500.9416238439835
160_8,34.63145511407745,-2.4075603129813103,2500.389658331631
160_9,34.623638719201246,-2.408358008493268,1106.9751284272115
161_1,34.815356692782686,-2.4905080296514743,289.67231743318973
162_1,34.88066939347451,-2.5020622896884914,282.58281446250044
163_1,34.88373600068161,-2.5066325068123874,382.76474994591194
164_1,34.88306694029332,-2.5035979881545054,360.3353403193496
165_1,34.868053038632915,-2.5132158544230156,2500.3252591269243
165_2,34.87993820787151,-2.523431051599948,1293.413384903892
166_1,34.765904458779985,-2.322406433788312,2500.2329464397226
166_2,34.762621564968036,-2.3126503729457606,380.715696491504
167_1,34.80303921122875,-2.296253311765861,890.2028607086071
168_1,34.93767568392065,-2.255120178473088,2500.8446209522585
168_2,34.92745402960531,-2.2372284254874204,2500.7522085552473
168_3,34.915696027948115,-2.2230906517677496,2500.256575805973
168_4,34.895284439721216,-2.2158282909052933,2500.114766164086
168_5,34.87867671223236,-2.228144695771219,2500.4774054869818
168_6,34.86694159088253,-2.244785263582522,2500.5769938995336
168_7,34.848428700641804,-2.254542295680298,2500.173497361251
168_8,34.83506829699924,-2.266437255994747,1609.6288655974417
169_1,34.06641679987844,-2.2165158033094876,2499.82422225775
169_2,34.087851513301096,-2.2100002257208824,2499.77204077442
169_3,34.109362807581924,-2.2049424017852104,2499.797802618655
169_4,34.12079650096483,-2.200883262857518,270.555909831531
170_1,34.173243683035324,-2.179486996864079,1049.4164623393356
171_1,34.379142905035984,-2.1597746448519346,2501.3118488416467
171_2,34.37526932220129,-2.1453438769706903,831.6817884428141
172_1,34.42159781320117,-2.163311943173381,1547.7420255910906
173_1,34.9863156204268,-2.1710711087130887,2501.1391875439176
173_2,34.99355907533026,-2.1504481278276555,2501.1228961490388
173_3,35.00333771039082,-2.1305586409869437,2501.140691541624
173_4,35.010739130638974,-2.1096745180703014,2501.2370411257025
173_5,35.02021901698496,-2.089445785863693,2501.137586072229
173_6,35.030271775197775,-2.0694784652936455,2501.1313734449077
173_7,35.04223521645496,-2.051570701018837,2500.4249473350465
173_8,35.05703627852923,-2.0500835479456225,1063.0195794124684
174_1,35.15846135698157,-2.049149302824264,518.0332901927135
175_1,35.02618509289198,-1.9327037724502967,2500.8505685661094
175_2,35.04216412399694,-1.9469466184515427,2500.5408217585755
175_3,35.058757518523294,-1.9617025571790134,2500.7479791384085
175_4,35.076281587556245,-1.9748218877566504,2500.4617269728997
175_5,35.093996435688425,-1.9879156367693243,2500.317585299339
175_6,35.11213243275171,-1.9983554292645922,2500.579279061962
175_7,35.13137255954402,-2.008542528329656,2500.1037732013483
175_8,35.152671179371254,-2.0086110321666926,2500.4852727926277
175_9,35.159830649688416,-2.0278133342331404,2501.3251496468724
175_10,35.163492776548324,-2.0424907876812144,971.5986081515878
176_1,35.14659390756875,-2.0168587953926576,257.31286075176587
177_1,35.02698921426077,-1.9241337592268533,2500.9336070275676
177_2,35.034742070878316,-1.9282823705203571,2500.834723602133
177_3,35.0472332202446,-1.930717459501142,2500.639540924887
177_4,35.06082200021342,-1.9347548632832015,2500.548448173052
177_5,35.07899308215961,-1.9343560306099312,2500.462976895763
177_6,35.09702663895405,-1.9303381305798275,2500.2554599429072
177_7,35.11685914583461,-1.9387835806339453,2500.819412409529
177_8,35.12950108186853,-1.953004545965931,2500.680695438046
177_9,35.14162583585869,-1.9683952486246157,2500.741631304493
177_10,35.151863365886655,-1.9779714418233043,690.4396078379275
178_1,34.829603631290006,-2.27108790363241,57.20902610248011
179_1,35.1225380248184,-1.9009640803611856,2500.6933964161376
179_2,35.13502480555662,-1.8859430628950162,2500.9733658477876
179_3,35.14176937179609,-1.8667848145003587,2500.8844080833283
179_4,35.15949911581486,-1.8608575553067415,2500.4673989707885
179_5,35.178528211446775,-1.8683418327190258,2500.6302290950503
179_6,35.1979429875648,-1.869022312074674,2500.2333604150517
179_7,35.21713608760909,-1.874831941690095,2500.8149452515167
179_8,35.226302169739775,-1.8934166437981015,2501.2767214069677
179_9,35.2225298267176,-1.9148029814360463,2501.2354418980754
179_10,35.21522101147341,-1.9342496180934,2501.2597983158757
179_11,35.21188535842721,-1.954134308248818,2501.0608658220317
179_12,35.204444172962916,-1.9729527098151518,2501.1762705193973
179_13,35.196719846948724,-1.992096925429938,2501.1158852208564
179_14,35.20012105955482,-2.0036113579752777,366.23995750454907
180_1,34.85350378811729,-2.43616630702365,560.9793503001831
181_1,34.858392276352994,-2.4092680484555773,2501.35915517848
181_2,34.85793064825392,-2.387034471067328,2501.151610010694
181_3,34.868334980639496,-2.368204038095722,2500.181021014862
181_4,34.888059027149964,-2.3608542554772236,2500.53603041761
181_5,34.89756498629882,-2.340572679469625,2501.1007449030503
181_6,34.90701428089319,-2.3202130056525756,2501.087660351447
181_7,34.915131491711094,-2.303309238174147,1705.3735410787108
182_1,34.84251367694327,-2.4559108597063353,2500.7606044396525
182_2,34.85058550076314,-2.4438965500122496,2500.3137154069786
182_3,34.861417813300534,-2.433729798102006,2499.5126126835594
182_4,34.8826092321198,-2.4296748208444097,2499.515149050419
182_5,34.90393387590398,-2.4271834357541433,2499.3615911685815
182_6,34.925472915878714,-2.429144492425051,2499.6447922521215
182_7,34.94297735569658,-2.4241693839378016,2500.1790365609986
182_8,34.955845117348645,-2.4323189778902328,1713.1219681824064
183_1,34.874062634224515,-2.524324007041344,453.3661929885883
184_1,35.169612668899035,-1.7884059013931313,2500.687258409927
184_2,35.156984326199,-1.8029541559287987,2501.397178161082
184_3,35.15305585134833,-1.8243504282824845,2446.299087706464
185_1,34.696379824745264,-1.5643134027447068,2500.946358307218
185_2,34.7140538880493,-1.5704542006804312,2500.7813134343587
185_3,34.72824439305766,-1.5559614979738612,2501.117888693061
185_4,34.7443159303092,-1.5621705725288535,2500.9456956823933
185_5,34.750269439735966,-1.5707061423152466,403.34361216591367
186_1,34.667993079006585,-1.605928883961155,2501.1034244157936
186_2,34.681428653518026,-1.5982399336862334,1205.22203375598
187_1,34.9211674,-1.71220425,7.080445693070716
188_1,34.91204380700098,-1.713399193697328,2219.3996930445082
189_1,35.22979690225277,-1.8643447849089567,1810.0886718341867
190_1,35.0187708,-3.0240885000000004,22.767055295505997
191_1,35.02538964574763,-2.8610193231854053,2501.159278108981
191_2,35.01837263606264,-2.8823661508842244,2501.192819833833
191_3,35.01160635456703,-2.903783243998903,2501.156766730279
191_4,35.00698872655402,-2.925638445974422,2501.4448334331937
191_5,35.004932764418456,-2.9480128523549425,2501.434707160961
191_6,35.00465793977665,-2.968832737977977,2202.3397540947262
192_1,34.98155595925936,-2.959688517205764,2498.7317355006603
192_2,34.9997873138813,-2.9687452376828936,2216.2083541056327
193_1,34.22353262687835,-2.1795966219316103,37.29317981922138
194_1,34.12644970838431,-2.1821048331889723,28.17837265028927
195_1,34.21831822881326,-2.150785425677912,2500.529308035063
195_2,34.20462177776522,-2.1360222454795275,2501.048020299143
195_3,34.20684803113852,-2.115689439530186,2500.993537422852
195_4,34.19915258427484,-2.1313830693451425,2501.023268227614
195_5,34.20584939019189,-2.150093914325805,2501.2876850605708
195_6,34.208201461945364,-2.16896082831676,2026.4025412946946
196_1,35.21018941874366,-1.848417252445734,2500.266785024498
196_2,35.188510120734684,-1.8440077,2500.2766921200637
196_3,35.166619994135054,-1.8410923832327846,2500.250255057337
196_4,35.146900149130296,-1.8327072082360725,2500.7480580750735
196_5,35.13052403657188,-1.8174926599556092,2500.5503721665777
196_6,35.10925715365883,-1.810570113513077,2500.4474833470695
196_7,35.091577250125496,-1.797633612449032,2500.6858220451827
196_8,35.073389219077875,-1.78461244571777,2500.8983573043383
196_9,35.05896147322061,-1.767800610421516,2500.7703092843003
196_10,35.039238502495124,-1.7592967122441525,2500.4394978631353
196_11,35.0183538620714,-1.7533591426521469,2500.44102521787
196_12,34.99696731297801,-1.7520454773324439,2500.36859470273
196_13,34.97566777236689,-1.7546795709318939,2500.6681370182537
196_14,34.957423350856416,-1.7457148373543376,2500.406877929756
196_15,34.93591462397647,-1.7485361308636362,2500.3488146728237
196_16,34.91372343892073,-1.7467202467727108,2500.3794751230444
196_17,34.900278319075504,-1.7550423983068848,2501.2731626461195
196_18,34.88781168851684,-1.772350076184093,2500.8789649418477
196_19,34.87271209353239,-1.787655483504593,2500.617875157287
196_20,34.85220205013077,-1.7951063066158024,2500.7643805765265
196_21,34.84200069626318,-1.81421701555169,2500.9209553486294
196_22,34.83131598936176,-1.819946909358723,279.8794138314239
197_1,35.13867127242987,-1.81083574983076,2500.6227171953824
197_2,35.158593293368895,-1.8026589041719066,2500.3296612195063
197_3,35.18018646687921,-1.8001675916061919,2500.471913962719
197_4,35.192600315979085,-1.7936008085474164,724.4683525563918
198_1,34.93386783350405,-2.5558528339842748,2499.23788107118
198_2,34.95425102494786,-2.5596875938305215,2499.4113813497065
198_3,34.975403345639464,-2.566104674386791,2499.646826596632
198_4,34.99132512970322,-2.580649312728735,2500.1686005419256
198_5,35.00625989466007,-2.596697848122146,2500.6486924329724
198_6,35.01682701654042,-2.616398848942383,2500.729449434268
198_7,35.028571245069806,-2.635314391419721,2500.498129971596
198_8,35.046783906799206,-2.6446285152696007,2499.2690718339704
198_9,35.06440435260929,-2.6572258775869213,2500.5659162214815
198_10,35.073094107968316,-2.677705817062803,2501.0191620418236
198_11,35.0789641309982,-2.6935593539896105,1274.036510383295
199_1,34.75377430787255,-2.795316846126967,2500.7331014200136
199_2,34.74297692995953,-2.8140462206796237,2500.950732390497
199_3,34.732707704304765,-2.8339419072867393,2500.4203903749176
199_4,34.722832527629485,-2.8526256016961464,2500.9175641352335
199_5,34.71495779100413,-2.872148767012113,2500.452519535401
199_6,34.699888940139125,-2.8849793167220574,2500.211768025407
199_7,34.69120854135033,-2.904293253172016,2500.724302954361
199_8,34.681999464015504,-2.924077881511285,2500.0702431745112
199_9,34.69507079722842,-2.933148271373537,2498.9009587432556
199_10,34.711117485119004,-2.9479227610470864,2500.489922336647
199_11,34.72341005189385,-2.9643179761144536,2499.4378477685095
199_12,34.74047117769454,-2.978040695009987,2500.1854361592113
199_13,34.75014204972488,-2.997911518366607,2501.0326858144826
199_14,34.746119349213174,-3.0174284153156696,2499.610756309756
199_15,34.76538934567281,-3.017366250713745,2498.3935319132825
199_16,34.7860653298312,-3.0257425412832815,2498.3990654667236
199_17,34.807727627488795,-3.0290592335151447,2498.288835443235
199_18,34.8290402099592,-3.035654081602794,2498.430441761875
199_19,34.84964457765703,-3.0445011220216696,2498.403444187978
199_20,34.87085094499643,-3.0510405621959054,2498.3585998002377
199_21,34.88340837545334,-3.0561906030402812,523.8519012717
200_1,34.28421090414124,-2.413807451732824,2500.027994535047
200_2,34.272196716964906,-2.4181724354103116,425.9424966242516
201_1,34.288957071460345,-2.3923900158351907,2499.56775000021
201_2,34.26773325383522,-2.3878789292628784,2499.3470615576266
201_3,34.24542102477973,-2.3885677205168467,2499.3690090642967
201_4,34.2291450793083,-2.392023499044765,1323.087756183831
202_1,34.310755222442445,-2.3774531407339916,2501.131192661304
202_2,34.30808088783423,-2.363260721092604,907.6209617665456
203_1,34.29186264723551,-2.4072911223384907,2500.905688738791
203_2,34.30387535128895,-2.3889137853760873,2500.0327840371506
203_3,34.325547732599496,-2.3892143066617355,2500.0605442662336
203_4,34.34067738374742,-2.3898718497425477,2499.553317043949
203_5,34.362276152626585,-2.3924791967780275,2499.5298192846926
203_6,34.37883469565373,-2.3879565179772926,2500.5703671121473
203_7,34.395649467626114,-2.375371989781695,2499.544672568921
203_8,34.41794491395579,-2.377198592321259,2499.370392767765
203_9,34.440068194747795,-2.3787396079955876,2499.444896200132
203_10,34.46124762681047,-2.3749378146339906,2499.732160201181
203_11,34.479517350145535,-2.362214136055885,2500.2213030839575
203_12,34.49091993749892,-2.346912256171389,2500.172935095803
203_13,34.495562817527215,-2.333819817151515,2500.6864256670333
203_14,34.480320224510415,-2.318915650817833,2500.845680540805
203_15,34.47321916246154,-2.2978964298641102,2501.0040387035756
203_16,34.46663919176659,-2.288470213780132,77.8504762453331
204_1,34.28866393052141,-2.4346671512817344,2481.7653651201526
205_1,34.76626826002843,-2.5793928365608108,1575.8215775813535
206_1,34.77049046496984,-2.6180321633896892,2500.843400702707
206_2,34.76139778246485,-2.604900683618616,2114.3260571079195
207_1,34.285435386613244,-2.3805077128280097,2500.5210601657786
207_2,34.2950855910722,-2.3637459237534806,1992.0394788461201
208_1,34.76120100638375,-2.504063026303875,2499.261027923462
208_2,34.73973997224006,-2.500034474116348,2499.328626171421
208_3,34.71805821720849,-2.503670242303999,2499.207367495602
208_4,34.69590931250396,-2.5054369948245845,2499.311183267594
208_5,34.68194832459628,-2.4964837743324226,1375.363687551567
209_1,34.70771080646817,-2.4953019207784997,2500.441872718719
209_2,34.69626649274705,-2.489832729862247,807.6857283642915
210_1,34.83214515010825,-2.3647671571273294,1556.105844981325
211_1,34.79513670854175,-1.4929566898114377,2501.2796651315834
211_2,34.78869310836439,-1.471509489135689,2501.4066655416177
211_3,34.78674555731747,-1.4494750471945703,2501.4604871185957
211_4,34.78588937804887,-1.4292725564769941,2023.7718812101223
212_1,35.008194820825864,-2.586475684285087,2501.19615418867
212_2,35.00832559835004,-2.5727345254040785,607.006739716825
213_1,35.01390555215009,-2.5707382628955373,741.3149833966908
214_1,35.008901083957475,-2.5742860528393106,1373.4045768129458
215_1,35.00980873593082,-2.575380013437448,388.561549871527
216_1,35.0021163910344,-2.578787571625913,1775.7187632675686
217_1,35.016416321699324,-2.591723475569915,2210.64803831242
218_1,34.89133973273381,-2.5379679659904957,688.1729182970637
219_1,34.9057170278907,-2.5416468401928114,198.93887873827526
220_1,34.98666248845439,-2.4757443060213773,1772.335072788784
221_1,34.92539328849402,-2.4929582763191562,596.6447985021276
222_1,34.7205152018193,-3.0314534887275997,1960.2237799703646
223_1,34.7218085684254,-3.024960712739843,2498.9715117958426
223_2,34.73887430934112,-3.0236008325973067,2064.637899564995
224_1,34.7184831296656,-3.0226367253612225,460.63102242731225
225_1,34.72029894852507,-3.025557563211388,511.8096120475024
226_1,34.76649573774155,-3.0115665044869684,2498.842637278639
226_2,34.77716111396153,-3.020638912446762,747.4863220246273
227_1,34.76645115755641,-3.001412693769939,2499.9661164518498
227_2,34.77586445282958,-2.98307302329344,2501.0483049940563
227_3,34.78660032241135,-2.963991254724176,2500.1854970753875
227_4,34.795572653730304,-2.95266118163004,837.2254200099308
228_1,34.78795551065312,-2.754870147961737,505.72118261715895
229_1,35.07237055,-2.7200344,45.84100287518062
230_1,34.73283161409773,-2.506274419523679,2499.8113688686135
230_2,34.71349899710103,-2.517536270238511,2499.7560589198133
230_3,34.694016128973374,-2.521301387892375,2499.5535848116615
230_4,34.675228333804064,-2.5122345496899374,2499.419997460447
230_5,34.65471287894671,-2.505713846838439,2500.013391950797
230_6,34.6480886346293,-2.487181119178836,2500.920422038585
230_7,34.633864792114956,-2.47881369726504,2499.5204251413907
230_8,34.614484177132645,-2.4709766878721937,2499.5725484500394
230_9,34.593603933510565,-2.4662842663592026,2499.4619694761104
230_10,34.57251157087139,-2.4656738806251366,2499.393827378571
230_11,34.554777167546256,-2.471689885987955,2500.49786110481
230_12,34.561932373496916,-2.4669395994217074,932.5479776948807
231_1,34.722639318906545,-2.48632522509843,1854.150006745244
232_1,34.686799698509795,-2.4855919092799024,2499.647577071142
232_2,34.70768161594655,-2.48967852475092,2499.3677530507216
232_3,34.72902780375675,-2.4933024749521486,2499.365985785906
232_4,34.74044020222014,-2.499021160243796,395.74320279748156
233_1,34.733518084447624,-2.490440391371814,1460.2668527389512
234_1,34.8545106768924,-2.555230853542961,655.4567047370396
235_1,34.763427449295165,-2.50302338828504,2294.4915691571473
236_1,34.9131803250875,-2.6759661225792644,367.14938901067507
237_1,34.84824522852615,-2.641145344616846,987.0383798961763
238_1,35.107437324730675,-2.5804613866771855,2501.335624458091
238_2,35.10635055630731,-2.596379183553556,1073.076188419911
239_1,34.69493272240062,-2.9428110002616523,2500.261751040217
239_2,34.71110738098849,-2.957365056134173,2462.2048100263273
240_1,34.78361244564475,-2.745999081009322,755.5979316059426
241_1,34.7355499928078,-2.613209154286909,2500.1961674987597
241_2,34.7213721028747,-2.597229737474449,2500.8225528211656
241_3,34.71740497581621,-2.5762725621658045,2500.865609516533
241_4,34.732978692439715,-2.561510182552691,2499.851788523623
241_5,34.752038687299326,-2.571424135832333,2499.4725569045313
241_6,34.764248136271654,-2.5770177613943557,698.1161611093216
242_1,34.73935859962416,-3.00965086242515,1578.2467254739295
243_1,34.64264281966639,-2.955726598077703,2500.3286345304746
243_2,34.653118289997494,-2.975596363990376,2500.346413130723
243_3,34.66671899265364,-2.991879891653125,2500.696773679476
243_4,34.669341008841975,-3.0135806615705687,2500.7786881814022
243_5,34.67492464923843,-3.0246618680847313,495.1584896599403
244_1,34.70797459831255,-3.0353919183925657,2498.557442345386
244_2,34.688108258456296,-3.038137664966808,2142.6915226700717
245_1,34.631158501367544,-2.9407081011062846,2499.9039298246366
245_2,34.623796930826934,-2.9230495143889534,2499.93051319405
245_3,34.61341081375583,-2.916459828408975,323.170029316261
246_1,34.72606431976331,-3.019369005172978,2499.9343396593986
246_2,34.714016810959336,-3.0199893605607437,618.6341228825629
247_1,35.00130571244547,-2.968091988073264,948.5416623515422
248_1,34.0728594,-2.2008084,16.71090874859723
249_1,34.74069678045277,-2.3229741980738967,2500.1855240892637
249_2,34.760024333083,-2.312049555954721,2499.9080137421934
249_3,34.779397083693986,-2.301181401177799,2499.8884809589144
249_4,34.79814487886406,-2.302465442632519,2499.993764749632
249_5,34.817880697258424,-2.3027764155572967,2500.1141524624745
249_6,34.834163839056345,-2.311352133572944,1881.436542461156
250_1,34.93454348943821,-2.494316763427115,2499.5647045697915
250_2,34.954180812906834,-2.4877661611750623,2499.6342459956427
250_3,34.975514903591666,-2.482147078084902,2499.300129544298
250_4,34.995401074367315,-2.4880844397609096,2499.9441991782405
250_5,35.00414143539717,-2.487623431301652,174.00727592258215
251_1,35.17119485398946,-1.765486492841965,2500.6135354409757
251_2,35.15265301347351,-1.754949485679939,2500.909810227157
251_3,35.14378210274029,-1.736326607799619,2501.300493122582
251_4,35.13837309107378,-1.7146736848064832,2501.2889695739295
251_5,35.13496348478291,-1.6946990670194302,2501.335468980952
251_6,35.137856904519545,-1.673118926878964,2501.280895257006
251_7,35.14433146129358,-1.6534589107517967,2501.4078000252644
251_8,35.13931311545637,-1.6330326284439984,2500.9756832143203
251_9,35.1203701857258,-1.6228975848257614,2500.7404053266678
251_10,35.101093199374105,-1.6143290146983216,2500.737350232581
251_11,35.08262411881154,-1.606800376172721,2500.687874829202
251_12,35.06274546574174,-1.6088468168999046,2500.601231774958
251_13,35.04120451625777,-1.611386484968381,2500.627449595244
251_14,35.02142456377836,-1.601565713040317,2500.6565419365816
251_15,35.00023087801214,-1.5948603589164236,2500.6365462131434
251_16,34.979641480584505,-1.5865026995829212,2500.629942066241
251_17,34.96155433910931,-1.5832223980226627,2500.7634231230336
251_18,34.94033212660549,-1.5847673421752562,2500.7743771304413
251_19,34.92547587732819,-1.5745437828450177,2500.8957431808444
251_20,34.91061267674918,-1.5718127113742275,2500.950546391997
251_21,34.8910994999714,-1.5685882873422106,2500.8494367151934
251_22,34.897940511835984,-1.5584878179444053,2501.0078086667836
251_23,34.90592493057396,-1.5400125845223727,2500.966454457079
251_24,34.916082503968006,-1.527380687285025,2501.169748699989
251_25,34.93129851266256,-1.513773452346345,2461.5462876361767
252_1,34.91813869371963,-1.568129408762902,2067.521869533607
253_1,34.867443489146694,-1.5794136996223866,2501.301774303474
253_2,34.86272101610578,-1.5617117821520532,2500.8609455344254
253_3,34.84502175585473,-1.5671903212248088,2501.1088861553694
253_4,34.84756122615897,-1.579421359762735,1002.6226824030425
254_1,34.8988329634453,-1.5786492689076184,2501.0446768897827
254_2,34.90849686540022,-1.5840722118716482,556.8490215435212
255_1,34.92570019354641,-2.7092988531830473,2499.373013099035
255_2,34.90478516243514,-2.712289839586814,2499.848329559894
255_3,34.909143103102814,-2.6954019332346033,2501.1104474844287
255_4,34.91212410758427,-2.6768834999524125,2084.677849828617
256_1,34.81155221745902,-2.4433828770959316,656.2577551956902
257_1,34.89549691899172,-2.5282005062167485,2500.1578118912294
257_2,34.90619284173094,-2.541984613951233,2499.8511521552455
257_3,34.9229301324937,-2.5539755455277042,2500.314847091603
257_4,34.92323671118961,-2.574221312434881,2501.2367954600513
257_5,34.93152056418254,-2.5924138860331136,2500.3818974052997
257_6,34.94530840362943,-2.609631403636491,2500.740843976976
257_7,34.95154341119364,-2.63064925419824,2501.073741450106
257_8,34.96318670793276,-2.6497007802061128,2501.0100859230156
257_9,34.967164836986356,-2.6712583563112338,2501.183271980026
257_10,34.96577002444361,-2.6928524662779534,2501.278817331525
257_11,34.959544674046704,-2.7142904351191097,2501.116863606904
257_12,34.95467537318472,-2.730655307200736,1380.9765514544688
258_1,34.88584101082858,-1.5814936885757898,2501.3323133806357
258_2,34.88473970006514,-1.6025280618296096,2501.0686190114743
258_3,34.89958172214065,-1.6176630654827684,2501.2218520129195
258_4,34.9100201186877,-1.6369776301799126,2501.2533707901803
258_5,34.91697620981113,-1.6580760015109646,2501.367841614816
258_6,34.91092420903054,-1.677376417522419,2501.041572054072
258_7,34.90934971626771,-1.6947518159667359,2501.2509945083125
258_8,34.90322664168619,-1.7152056993587739,2501.3317514866376
258_9,34.90317110845658,-1.734913153732648,2344.610646290563
