segment_ID,sparse_open_grassland,dense_closed_grassland,sparse_open_shrubland,dense_closed_shrubland,woodland,forest,water,bare_ground,grassland,shrubland
1_1,59.9276332850978,20.37730384028606,1.25738009140704,4.073462431840468,13.903929425052022,0.460290926318649,0,0,80.30493712538386,5.330842523247508
1_2,28.15379538322976,47.677128138584294,0.76439035031295,6.839240867420246,15.726551182159293,0.838894078296035,0,0,75.83092352181406,7.603631217733196
1_3,11.05681303093785,57.7289445851367,1.94097470441122,8.46095386717845,19.80912733939605,1.00318647293753,0,0,68.78575761607455,10.40192857158967
10_1,4.22238491870844,83.30464966875401,0.997855171973052,9.22152721173476,2.253583028838023,0,0,0,87.52703458746245,10.219382383707812
10_2,8.442344340306025,91.55765565968456,0,0,0,0,0,0,99.99999999999058,0
10_3,24.24048459112575,75.75951540887336,0,0,0,0,0,0,99.9999999999991,0
10_4,36.38602255324944,63.613977446750496,0,0,0,0,0,0,99.99999999999994,0
10_5,21.4101284741959,78.22069280303556,0,0.369178722775866,0,0,0,0,99.63082127723146,0.369178722775866
10_6,1.65937801522353,97.97209466461385,0,0.368527320158668,0,0,0,0,99.63147267983737,0.368527320158668
10_7,8.930816485494956,91.06918351450628,0,0,0,0,0,0,100.00000000000124,0
102_18,10.453217027589941,61.60290555818488,1.20845212666124,0,26.7354252875619,0,0,0,72.05612258577482,1.20845212666124
102_19,24.902857897700905,50.54725343369871,1.83593255858472,0,22.7139561100178,0,0,0,75.45011133139961,1.83593255858472
102_20,23.00653157298783,44.24780932938478,0.408962366760931,0,32.3366967308671,0,0,0,67.2543409023726,0.408962366760931
102_21,7.46743422925721,42.83061779782204,0.429855892207774,0,49.2720920807182,0,0,0,50.29805202707925,0.429855892207774
102_22,29.42518344912271,37.08021539577645,3.24734242906167,0.109148740269524,30.1381099857703,0,0,0,66.50539884489916,3.356491169331194
102_23,40.082799353654465,15.044631414721014,4.0118125592021,0.222878475511227,40.6378781969163,0,0,0,55.127430768375476,4.234691034713327
102_24,32.86123869171976,29.88771050800353,6.15003479471118,3.962811412665261,27.1382045929031,0,0,0,62.74894919972329,10.11284620737644
102_25,50.48225171110912,38.37382361328985,3.64457079709114,3.32529766148583,4.17405621702556,0,0,0,88.85607532439897,6.96986845857697
102_26,57.1104097290001,39.90332963324448,1.41539504009915,0,1.57086559765334,0,0,0,97.01373936224458,1.41539504009915
102_27,41.26318957876977,47.31392451631298,3.1630463258697,0,8.2598395790483,0,0,0,88.57711409508275,3.1630463258697
102_28,26.859509657748966,53.230838832466006,11.672761958249,0.439373577858157,7.79751597367552,0,0,0,80.09034849021498,12.112135536107157
102_29,44.38316872836035,46.08452631543677,8.64875345581285,0.484510269099321,0.399041231289022,0,0,0,90.46769504379712,9.13326372491217
102_30,47.52854168082675,51.06763211285962,1.1141477827902,0,0.289678423525453,0,0,0,98.59617379368638,1.1141477827902
102_31,35.38408866346721,60.218090006177405,0.100368687645953,0,4.29745264270752,0,0,0,95.60217866964462,0.100368687645953
102_32,27.98527297041721,45.454372506558,0,5.408154700955131,20.3772402486585,0.774959573408535,0,0,73.43964547697522,5.408154700955131
102_33,6.457779413360299,36.72219568750757,0,10.656627968237265,42.5581678890693,3.60522904183077,0,0,43.17997510086787,10.656627968237265
102_34,10.817993875025032,39.893958994644535,0,4.346742011983839,41.926896109107105,3.01440900923666,0,0,50.71195286966957,4.346742011983839
102_35,5.4008279805236,45.799721479213694,0.0417000694629499,4.478855054349453,38.976965729007865,5.30192968743899,0,0,51.200549459737296,4.520555123812403
102_36,12.39584568272672,55.961597394490845,0.495578823987312,4.809720547675577,22.963832028864946,3.37342552225353,0,0,68.35744307721757,5.30529937166289
102_37,24.0728492359118,43.75937094298135,0.525107982311681,3.24874253397002,28.3868906233593,0.00703868146502893,0,0,67.83222017889315,3.7738505162817013
102_38,23.29568347405627,46.580904531560364,0,2.077902708430257,28.0455092859499,0,0,0,69.87658800561664,2.077902708430257
102_39,10.64555384959688,46.569928041695576,0.278347152341623,6.854799651286728,35.651371305082,0,0,0,57.215481891292455,7.133146803628351
102_40,23.78150012672097,38.23323519461884,0.279120346645141,4.496182191898579,33.2099621401153,0,0,0,62.01473532133981,4.77530253854372
103_2,12.94621668635676,62.317713485801825,1.92559519384615,0,22.3331072681306,0.477367365867661,0,0,75.26393017215858,1.92559519384615
104_1,29.0404365380519,31.3565080804519,0.144326003576879,0,39.4587293779184,0,0,0,60.396944618503795,0.144326003576879
107_1,17.681307076692622,42.636536070947855,0.710250165390689,0.73256522929855306,11.3384192143969,26.9009222432722,0,0,60.317843147640474,1.4428153946892421
107_2,11.53242465518649,29.1974119812013,0,4.93924605572949,26.611873855507508,27.7190434523753,0,0,40.72983663638779,4.93924605572949
107_3,13.309856399420829,48.384619254439194,0,7.72771228458509,29.6132454625233,0.964566599030737,0,0,61.694475653860025,7.72771228458509
107_4,12.78937016458449,61.258977561546196,1.18962823977735,5.97453017008589,18.7874938640053,0,0,0,74.04834772613069,7.16415840986324
107_5,30.966111332488403,37.95226305020396,1.41068462361596,2.227343753497895,15.6717737710935,11.7718234690996,0,0,68.91837438269236,3.638028377113855
107_6,32.11656647729126,33.2379058466504,0.227660007990866,8.58266847125165,7.80054251379901,18.0346566830163,0,0,65.35447232394165,8.810328479242516
107_7,17.39714309602992,39.99086716875585,0,14.01194985947027,17.43714746949818,11.1628924062438,0,0,57.38801026478577,14.01194985947027
11_1,4.278575030947716,95.34317546192432,0,0.37824950712943,0,0,0,0,99.62175049287204,0.37824950712943
11_2,2.36332172968187,97.6366782703146,0,0,0,0,0,0,99.99999999999648,0
111_1,33.0018515129419,63.485027463714964,0,3.51312102334713,0,0,0,0,96.48687897665687,3.51312102334713
112_1,5.761220825852753,90.63891382405825,0,3.431552962298013,0.16831238779174101,0,0,0,96.400134649911,3.431552962298013
112_10,16.04983703080633,59.35747410053777,0.941798634056423,3.2896959176049143,20.3611943169954,0,0,0,75.4073111313441,4.231494551661338
112_11,61.4041420032415,34.580910757967246,0,0.574601539199067,3.44034569959579,0,0,0,95.98505276120875,0.574601539199067
112_2,8.81750553884437,91.14722443900291,0,0.0281267265289722,0.00714329562640564,0,0,0,99.96472997784728,0.0281267265289722
112_3,18.340074330096,81.36577308390794,0,0,0.294152585997206,0,0,0,99.70584741400394,0
112_4,19.830016258339075,80.00717609463226,0,0,0.162807647025845,0,0,0,99.83719235297133,0
112_5,11.375156179409604,86.91022204796629,0,1.71462177262081,0,0,0,0,98.28537822737589,1.71462177262081
112_6,16.2500406040993,77.16425450313305,0,6.38408453717491,0.2016203555911,0,0,0,93.41429510723235,6.38408453717491
112_7,5.80165675055151,82.83831308591176,0.706958038112894,3.043061599610378,7.61001052581959,0,0,0,88.63996983646328,3.750019637723272
112_8,4.81774815337329,65.71078108571815,1.06757236388313,0.669674248123238,27.7342241489004,0,0,0,70.52852923909144,1.737246612006368
112_9,3.9323604904345624,68.41210735136714,2.05339819947233,1.658763530251587,23.9433704284707,0,0,0,72.3444678418017,3.712161729723917
113_1,34.58792160984867,60.228052728273205,0.509703624332571,0.684701868686755,3.151440875512249,0.690931579650819,0.147247713696076,0,94.81597433812188,1.194405493019326
113_2,40.240196642296745,42.26603218778203,0.502550162882092,2.138518459784257,6.961994923126512,7.89070762413259,0,0,82.50622883007878,2.641068622666349
113_3,17.973248424916,23.924784640554762,0.864827486463765,17.539591788771332,5.1863661426932,34.511181516601,0,0,41.89803306547076,18.404419275235096
113_4,5.376107258292602,35.377929629633464,14.0687067536186,14.5078647062571,9.88206015167041,20.787331500527,0,0,40.75403688792606,28.5765714598757
114_1,53.08317116899923,19.529649980169278,0.742206254479331,3.743502796030133,22.9014698003223,0,0,0,72.61282114916851,4.485709050509464
114_2,46.17985536864204,27.17894409181319,0.439848962633139,4.176535072879584,22.0248165040362,0,0,0,73.35879946045523,4.616384035512723
114_3,27.733019495563756,60.484713310769166,1.61556144686991,3.051952641611249,7.11475310518762,0,0,0,88.21773280633292,4.667514088481159
117_1,21.67287674800599,66.89959078574077,0,1.228502737718356,10.1990297285376,0,0,0,88.57246753374676,1.228502737718356
118_1,32.069991458937494,52.0347242255065,0,2.68378838528674,12.7731301578683,0.438365772400491,0,0,84.10471568444399,2.68378838528674
119_1,18.92146553191316,45.12133681829287,0,4.0371218192126,30.00616517947195,1.91391065110833,0,0,64.04280235020603,4.0371218192126
119_2,3.41154033184231,33.276543303546816,0,1.8757953765558348,53.95570147756883,7.48041951047916,0,0,36.68808363538913,1.8757953765558348
119_3,5.3392206353662335,22.60708737333799,0.152433021565462,1.589241277337907,61.683800561717824,8.62821713067709,0,0,27.94630800870422,1.741674298903369
120_1,37.33335589281793,62.55384667444788,0,0.112797432730431,0,0,0,0,99.8872025672658,0.112797432730431
120_2,60.17277564226441,38.92005155077419,0.74204923277949,0.0196895318813795,0.145434042305644,0,0,0,99.0928271930386,0.7617387646608694
120_3,38.57703316923208,59.607474585027255,0.814274227202865,0.135712371200478,0.865505647331046,0,0,0,98.18450775425933,0.949986598403343
123_1,28.50253399790271,47.329126671985804,2.78983981970121,0,20.5179403330137,0.860559177398461,0,0,75.83166066988852,2.78983981970121
125_1,12.813231456776748,27.26560356440043,0,2.7149643142245097,55.6700355785051,1.53616508608961,0,0,40.07883502117718,2.7149643142245097
125_2,7.986363539322291,31.92286905019975,0,8.331881968657235,48.70259234330947,3.05629309850816,0,0,39.90923258952204,8.331881968657235
125_3,31.380367138880338,39.560577021876256,0,3.60069067499408,24.337805297556645,1.1205598666899,0,0,70.9409441607566,3.60069067499408
125_4,33.80940633019953,58.575732779935194,1.16097213555243,0.145121516944053,6.30876723736628,0,0,0,92.38513911013473,1.306093652496483
126_1,54.96207780660572,23.86753995659078,0,5.247787712366156,15.9225945244361,0,0,0,78.8296177631965,5.247787712366156
128_1,18.871801250664447,27.91299627966867,0,5.164361720172342,48.050840749496565,0,0,0,46.784797530333115,5.164361720172342
128_2,28.3467807962611,32.46816461758417,0.713982894019637,2.692632943704581,35.7784387484342,0,0,0,60.81494541384527,3.406615837724218
128_3,24.12571611997042,35.0156342663046,1.15671943350115,4.824141538202352,34.8777886420208,0,0,0,59.14135038627502,5.9808609717035015
128_4,32.0089232362675,42.662060880599526,0.717045771421742,4.072592348097264,20.5393777636146,0,0,0,74.67098411686703,4.789638119519006
130_1,29.48306369928057,45.073358454260614,0,0.977548123665428,24.4660297227932,0,0,0,74.55642215354118,0.977548123665428
130_2,36.83887177333127,54.47266421295767,0,0.877067859601752,7.81139615410965,0,0,0,91.31153598628893,0.877067859601752
130_3,42.40036791363165,55.081974917418705,0.805650294062358,0.134275049010393,1.57773182587211,0,0,0,97.48234283105035,0.939925343072751
131_1,44.73318493193088,49.50588145850704,0.122984590030869,0.380134187368141,5.2578148321652,0,0,0,94.23906639043793,0.50311877739901
131_2,51.36198720226163,48.36901149868365,0.123292262065549,0,0.145709036986558,0,0,0,99.73099870094528,0.123292262065549
131_3,31.948602766476263,67.93943044735124,0,0.11196678617255,0,0,0,0,99.8880332138275,0.11196678617255
131_4,19.579497404207554,80.39709883363417,0,0.0234037621547664,0,0,0,0,99.97659623784173,0.0234037621547664
131_5,54.149515291718856,44.295451753974874,0.721174703445075,0,0.833858250858368,0,0,0,98.44496704569373,0.721174703445075
132_1,70.71454485246205,26.50234346480142,1.35036013747724,0,1.43275154526272,0,0,0,97.21688831726348,1.35036013747724
132_2,27.86278651599078,72.13721348400625,0,0,0,0,0,0,99.99999999999703,0
132_3,21.559738472992386,78.32589778397119,0,0.114363743033818,0,0,0,0,99.88563625696358,0.114363743033818
132_4,38.8718200673271,60.1695590186774,0,0.958620913998938,0,0,0,0,99.0413790860045,0.958620913998938
132_5,26.320665728987656,69.88095517831849,0.123084222057364,2.79132636676637,0.883968503866523,0,0,0,96.20162090730614,2.914410588823734
132_6,10.115582667819414,81.61184830143425,0.635443687207383,5.01592013380631,2.62120520973047,0,0,0,91.72743096925366,5.651363821013693
132_7,7.56753871043361,85.075912141072,1.46578557054224,3.23935129413894,2.65141228381693,0,0,0,92.6434508515056,4.7051368646811795
133_1,9.122382649501096,84.59222955411073,0.329817774801313,5.080153797880337,0.875416223709414,0,0,0,93.71461220361182,5.40997157268165
133_2,16.423101674591223,79.74969096220653,0,2.912825878616437,0.91438148458515,0,0,0,96.17279263679775,2.912825878616437
133_3,28.092320160838142,69.64758665929497,0,1.37575756218895,0.884335617680445,0,0,0,97.73990682013311,1.37575756218895
133_4,32.24657993187802,67.0833659054098,0,0.670054162711486,0,0,0,0,99.32994583728782,0.670054162711486
134_1,9.911913196284516,89.9511868567088,0,0.0253270480600262,0.111572898942847,0,0,0,99.86310005299332,0.0253270480600262
134_2,20.39783509424907,79.00878993727547,0,0,0.593374968476955,0,0,0,99.40662503152454,0
134_3,24.66220822425871,74.69379453897794,0,0.0531740837696335,0.590823152995927,0,0,0,99.35600276323665,0.0531740837696335
135_1,22.133261341288165,74.82522537990933,0.812169667778552,1.570797134927479,0.658546476098604,0,0,0,96.95848672119749,2.382966802706031
136_1,9.864677772319302,90.1353222276751,0,0,0,0,0,0,99.9999999999944,0
136_2,7.7923223642187285,91.71051632413737,0.126858771345998,0.247463941287617,0.122838599014611,0,0,0,99.5028386883561,0.374322712633615
137_1,17.947489340446783,80.2087724195359,0.811968081800276,0.135610535582509,0.896159622641084,0,0,0,98.15626175998268,0.947578617382785
137_2,3.0973932963409196,96.7170673903488,0,0,0.185539313306632,0,0,0,99.81446068668973,0
139_1,19.2246821602717,78.90262633990424,0.151616052174582,0.364811547078534,1.35626390056786,0,0,0,98.12730850017594,0.516427599253116
139_2,3.89729004941626,95.50646823950191,0.148603187195435,0.435635958770618,0.0120025651196313,0,0,0,99.40375828891817,0.584239145966053
139_3,2.378523362970569,97.61505823852004,0.00641839850822906,0,0,0,0,0,99.9935816014906,0.00641839850822906
139_4,4.64879390704423,92.0812349426878,0,3.10243497083196,0.16753617943795,0,0,0,96.73002884973204,3.10243497083196
14_1,18.3586595037098,81.64134049629195,0,0,0,0,0,0,100.00000000000175,0
14_2,2.3165820327127,97.68341796728377,0,0,0,0,0,0,99.99999999999648,0
14_3,3.549747210197549,96.07891677910035,0,0.371336010703479,0,0,0,0,99.6286639892979,0.371336010703479
140_1,10.926237942849479,44.480906448949646,0.667397917067158,27.77334253050342,15.47363540759677,0.67847975303337,0,0,55.40714439179912,28.44074044757058
140_10,4.09229046972038,95.90770953027057,0,0,0,0,0,0,99.99999999999095,0
140_11,22.683794237694546,77.25878744986628,0,0,0.0574183124357382,0,0,0,99.94258168756082,0
140_12,26.699500153559946,73.27223604502474,0,0,0.0282638014145254,0,0,0,99.9717361985847,0
140_13,16.36337488288397,83.62124694216863,0,0,0.0153781749523704,0,0,0,99.9846218250526,0
140_14,26.2272156962369,73.56107051406534,0,0,0.211713789699121,0,0,0,99.78828621030223,0
140_15,29.6290061118768,70.3709938881196,0,0,0,0,0,0,99.9999999999964,0
140_16,6.96041636058471,93.03958363942313,0,0,0,0,0,0,100.00000000000784,0
140_17,4.605160664289734,95.39483933570583,0,0,0,0,0,0,99.99999999999557,0
140_2,18.590156089197944,40.2220652838021,0.00383311767206633,27.663261774060043,12.82375324943849,0.696930485830243,0,0,58.81222137300004,27.66709489173211
140_3,9.737051561883515,41.74055635198737,0.222951024348481,26.083263289553905,21.60283950424663,0.613338267982672,0,0,51.477607913870884,26.306214313902387
140_4,2.5841251641010867,27.299506664986332,0.829177592797288,41.01149850928735,27.520576074311798,0.755115994516766,0,0,29.88363182908742,41.840676102084636
140_5,4.10340393062071,37.91864424354714,0.612123678061944,41.31660127654409,15.771285978186231,0.277940893040094,0,0,42.02204817416785,41.92872495460603
140_6,14.605166286436027,63.12135864971267,0.261313749193336,19.391070795575207,2.619727142999972,0.00136337608274784,0,0,77.72652493614869,19.65238454476854
140_7,22.009462321322538,69.08266497811073,0.371198653929414,4.672762319868529,3.863911726767366,0,0,0,91.09212729943326,5.043960973797943
140_8,20.8701042998794,77.61587236926754,0,0.511983189143285,1.00204014170804,0,0,0,98.48597666914694,0.511983189143285
140_9,12.59169248299663,87.40830751700739,0,0,0,0,0,0,100.00000000000402,0
141_1,10.44970932190084,80.35184395411198,0,4.62122062355507,1.522188054140202,3.05503804628405,0,0,90.80155327601283,4.62122062355507
141_2,6.590231671664937,73.86590871932746,0,12.61760512574833,3.21514034869084,3.7111141345669,0,0,80.4561403909924,12.61760512574833
141_3,11.63559140812311,81.00667003354265,0,2.319724826993169,5.038013731351407,0,0,0,92.64226144166575,2.319724826993169
142_1,6.87962000300597,83.99682507741636,0,4.14267774163134,1.654785549878952,3.326091628067,0,0,90.87644508042233,4.14267774163134
143_1,14.4931424088585,72.2366748122188,0,12.73692729420454,0.533255484720331,0,0,0,86.7298172210773,12.73692729420454
143_2,33.77775088412741,50.863510248720246,0.280142177758056,13.86838248147701,1.210214207914802,0,0,0,84.64126113284766,14.148524659235067
143_3,51.146264774579365,24.52713944560666,0.764024675639695,17.896102210080002,5.552588334303212,0.11388055979128,0,0,75.67340422018603,18.6601268857197
143_4,38.02375378078504,33.973255020718724,0.783084871543129,10.27877821426922,16.941128112685078,0,0,0,71.99700880150377,11.06186308581235
144_1,69.36904679217643,19.67764958912858,3.0057936372977,0.574813125857728,7.37269685553278,0,0,0,89.04669638130501,3.580606763155428
146_1,71.97457013393021,25.26720192999707,1.3344962343978,0,1.42373170168448,0,0,0,97.24177206392729,1.3344962343978
146_2,39.03263302668976,56.84623256846231,0,0,4.1211344048477,0,0,0,95.87886559515206,0
146_3,12.16902510626357,80.99849519383325,0,0.316088914367089,6.516390785536082,0,0,0,93.16752030009683,0.316088914367089
146_4,8.373447772303189,90.1782406594518,0,0.532467488328199,0.915844079924502,0,0,0,98.551688431755,0.532467488328199
147_1,5.4320481938439835,82.18889279718725,0,0.0260471163393338,4.51461087389189,7.83840101873173,0,0,87.62094099103123,0.0260471163393338
147_2,6.581218225976156,92.4604710783208,0,0,0.137889641431152,0.820421054275638,0,0,99.04168930429695,0
147_3,14.6884352287304,83.53056397197055,0,0.429856683458185,1.20011338922245,0,0.151030726620444,0,98.21899920070095,0.429856683458185
148_1,7.572974190735402,91.12933325412305,0,0.521520423134301,0.776172132001942,0,0,0,98.70230744485846,0.521520423134301
15_1,8.38334543769882,91.61665456230676,0,0,0,0,0,0,100.00000000000558,0
15_2,11.980601721041761,88.0193982789562,0,0,0,0,0,0,99.99999999999797,0
15_3,6.244195144467072,93.75580485552511,0,0,0,0,0,0,99.99999999999218,0
151_1,2.31016988118807,97.68983011881627,0,0,0,0,0,0,100.00000000000435,0
152_1,51.58663036422984,13.78557950021964,2.7026845855031,7.01495855645297,24.9101469935979,0,0,0,65.37220986444947,9.71764314195607
154_1,52.08360538186785,25.51070668471961,2.55336160347122,4.022996405522975,15.8293299244221,0,0,0,77.59431206658746,6.576358008994195
154_2,58.57265234119645,23.724606978841315,0.320421299269431,4.75451484784223,12.6278045328497,0,0,0,82.29725932003777,5.074936147111661
156_1,58.69190445554236,41.05924408963659,0,0.24885145482389,0,0,0,0,99.75114854517895,0.24885145482389
156_2,49.82839379718076,50.048870947225595,0.122735255590591,0,0,0,0,0,99.87726474440635,0.122735255590591
156_3,35.801744276981474,60.23453152037451,0.136543173710226,0,3.8271810289397,0,0,0,96.03627579735598,0.136543173710226
156_4,34.443411158812275,40.877390376683614,0.661851231548093,1.922958273084311,22.0943889598731,0,0,0,75.32080153549589,2.584809504632404
16_1,31.9597194200707,67.77178248017344,0,0,0.268498099751325,0,0,0,99.73150190024414,0
16_2,8.32467169663642,86.97135269694226,0,3.28784041928732,1.41613518713093,0,0,0,95.29602439357868,3.28784041928732
160_1,16.884165133897152,33.5654784761048,0.0111949112411462,5.252764303458213,43.681424171830614,0.604973003471542,0,0,50.44964361000196,5.2639592146993595
160_2,22.882896953334782,50.573634244022514,0,2.4081036156137383,23.149745088633,0.98562009839467,0,0,73.4565311973573,2.4081036156137383
160_3,4.050820566048917,43.68421111562767,0,3.609102197618866,34.786917074515166,13.8689490461908,0,0,47.73503168167659,3.609102197618866
160_4,5.49227122789948,23.952051706668048,0.100431632839805,2.65106033486138,52.804943914517246,14.9992411832183,0,0,29.444322934567527,2.751491967701185
160_5,16.05056714364199,21.06551078667432,1.09955280757323,10.1124235506451,45.53142632493775,6.14051938652886,0,0,37.11607793031631,11.211976358218331
160_6,17.48995323833889,13.347263629528495,1.04647842946337,22.7681856907719,41.1387732770376,4.209345734861,0,0,30.837216867867387,23.81466412023527
160_7,16.8827689852407,18.028756383465627,4.18814352538688,16.9348696405285,29.278411599717696,14.68704986566227,0,0,34.91152536870632,21.12301316591538
160_8,7.89813046572758,24.929590036667843,6.772628082711414,16.666666666667,12.885199461619356,30.84778528660752,0,0,32.82772050239542,23.439294749378412
165_1,14.755519356423896,79.45131772928617,0.470601350490509,4.06853466319639,1.25402690060608,0,0,0,94.20683708571008,4.539136013686899
166_1,22.7028818423479,44.29977647564897,1.73907116347833,4.830687942612294,26.42758257591282,0,0,0,67.00265831799686,6.569759106090624
168_1,3.604532364195091,45.07765486137038,0,5.53713930667736,41.37928640603293,4.40138706172698,0,0,48.68218722556547,5.53713930667736
168_2,5.49988222700575,21.93387920921871,0,3.137892353151068,62.18180885326475,7.24653735736067,0,0,27.433761436224458,3.137892353151068
168_3,7.71983279441317,26.75414543791348,0.136531508058772,6.51209782937661,53.92505330417733,4.95233912606185,0,0,34.47397823232665,6.6486293374353815
168_4,21.41807890569752,45.96958772727624,0.399806834899992,5.512505194119702,25.0564334085782,1.64358792942736,0,0,67.38766663297376,5.912312029019693
168_5,23.99039558333649,61.90411552675701,0,1.294999315599762,12.8104895743031,0,0,0,85.8945111100935,1.294999315599762
168_6,7.8508854976028895,51.38227705145688,0,3.54255060506483,36.75607725738236,0.468209588493181,0,0,59.23316254905977,3.54255060506483
168_7,22.360662485124582,29.18102021277546,0,0.637521138858815,47.37117599162713,0.449620171616217,0,0,51.54168269790004,0.637521138858815
17_1,16.7481100203734,83.25188997962556,0,0,0,0,0,0,99.99999999999896,0
17_2,2.56234468350665,97.43765531649643,0,0,0,0,0,0,100.00000000000308,0
17_3,3.13324061445495,96.86675938555592,0,0,0,0,0,0,100.00000000001087,0
17_4,8.47120139281512,91.52879860718697,0,0,0,0,0,0,100.00000000000209,0
171_1,12.26049575703445,85.2414024117971,0,0.678092898615453,1.686020544886107,0.133988387673068,0,0,97.50189816883154,0.678092898615453
173_1,32.390352619218035,57.13847775277832,1.70116928116787,0.116133752966278,8.65386659386871,0,0,0,89.52883037199635,1.817303034134148
173_2,25.918526415752993,21.796916295612565,3.39995878837835,0.395541977620298,48.4890565226332,0,0,0,47.715442711365554,3.795500765998648
173_3,24.997952412955552,23.58809056056767,8.00455069208439,0.9203483029710771,42.4890580314194,0,0,0,48.58604297352322,8.924898995055466
173_4,34.120466163072166,27.12947642354336,7.766882615675384,0.179241784844883,30.8039330128643,0,0,0,61.249942586615525,7.946124400520267
173_5,22.143112461463442,46.20749743085842,1.54897010857424,0.100531700996381,29.9998882981113,0,0,0,68.35060989232186,1.649501809570621
173_6,11.8126031381981,71.43378178054229,0.167818085195648,0,16.5857969960567,0,0,0,83.24638491874039,0.167818085195648
173_7,24.45541178734376,40.668325270986365,0.641387016301356,0,34.2348759253698,0,0,0,65.12373705833012,0.641387016301356
175_1,12.26336107283014,3.0133194458713723,0.118090662925554,0,84.6052288183778,0,0,0,15.276680518701513,0.118090662925554
175_2,19.40402111094441,3.9558389853848803,0.0338115465311816,0,76.6063283571338,0,0,0,23.35986009632929,0.0338115465311816
175_3,27.34279157383924,6.476600575181382,6.2409639092670846,0,59.9396439417083,0,0,0,33.81939214902062,6.2409639092670846
175_4,43.35352943019784,17.939796681185328,11.15903363131352,0,27.5476402573035,0,0,0,61.293326111383166,11.15903363131352
175_5,33.95053109316242,43.2141943569752,3.31468261193504,0,19.5205919379293,0,0,0,77.16472545013761,3.31468261193504
175_6,18.16569280961044,60.83392966817563,1.02945236740237,0,19.9709251548126,0,0,0,78.99962247778606,1.02945236740237
175_7,15.94653466230421,57.7024366945948,0.18657965567572601,0,26.1644489874255,0,0,0,73.64897135689901,0.18657965567572601
175_8,30.719611788377897,44.223275278753846,0.315656424674573,0,24.7414565081958,0,0,0,74.94288706713175,0.315656424674573
175_9,21.87669787386939,23.018791675086057,0.405469118340405,0,54.6990413327022,0,0,0,44.895489548955446,0.405469118340405
177_1,9.453543725254349,1.920911665358759,0.148344402298151,0,88.4772002070937,0,0,0,11.374455390613107,0.148344402298151
177_2,5.03283451378191,4.415231345980012,0,0,90.5519341402519,0,0,0,9.448065859761922,0
177_3,12.996210805881079,8.200253630516126,0,0,78.803535563601,0,0,0,21.196464436397207,0
177_4,15.45742731787275,11.257412853767786,0.204908152933803,0,73.0802516754304,0,0,0,26.714840171640535,0.204908152933803
177_5,17.76231403463042,16.43330435409919,0.207867923167125,0,65.5965136881002,0,0,0,34.19561838872961,0.207867923167125
177_8,1.4413026862262979,50.69929828438919,9.14095090753371,0,38.5803151274029,0.13813299444705401,0,0,52.14060097061549,9.14095090753371
177_9,2.791444924189184,53.3567401627573,7.11422450022622,0,36.4104062611765,0.327184151650982,0,0,56.148185086946484,7.11422450022622
18_1,0,99.9999999999968,0,0,0,0,0,0,99.9999999999968,0
18_2,0,100.00000000002153,0,0,0,0,0,0,100.00000000002153,0
18_3,0.347946848944944,99.6520531510525,0,0,0,0,0,0,99.99999999999744,0
181_1,28.84319942470436,26.62993675587206,3.34795992321885,7.7610722308574305,33.4178316653471,0,0,0,55.47313618057642,11.109032154076282
181_2,30.21865624656978,36.72938740850178,1.9799828373107,6.01567943860528,25.0562940690145,0,0,0,66.94804365507156,7.995662275915979
181_3,34.33414580102008,38.73876827487102,2.40665288938532,5.120581359067014,19.3998516756586,0,0,0,73.0729140758911,7.527234248452334
181_4,27.2219458747297,36.225795320615276,1.3563807142313,3.596475897270433,31.5994021931522,0,0,0,63.447741195344975,4.952856611501733
181_5,46.989086631765204,30.82292755929563,0.927731159959689,1.80658150095362,19.4536731480254,0,0,0,77.81201419106083,2.734312660913309
181_6,40.859469452532096,28.165832152488,1.32765483434791,4.1316001087086525,25.5154434519263,0,0,0,69.0253016050201,5.459254943056562
182_1,77.26267294431582,16.142793806533746,1.32584610787966,2.686630459401758,2.58205668187885,0,0,0,93.40546675084957,4.012476567281418
182_2,58.50929470492457,15.165160934676821,1.46828775303954,4.53618350534407,20.3210731020124,0,0,0,73.67445563960139,6.00447125838361
182_3,48.762779855493925,12.2981956852605,1.3017771566625,5.6389220506611135,31.8738507324192,0.124474519500065,0,0,61.06097554075443,6.940699207323614
182_4,60.58916543338043,9.750884873585406,1.14828174149874,4.80921056333667,23.5786594938914,0.123797894310361,0,0,70.34005030696584,5.9574923048354105
182_5,70.84261361143122,9.069218588392271,1.943653190146,2.10301699542954,16.0414976146075,0,0,0,79.9118321998235,4.04667018557554
182_6,71.82465565526164,8.815568383151353,1.5937589301023,5.881008172829592,11.8850088586616,0,0,0,80.640224038413,7.474767102931892
182_7,58.140433332924104,18.35402389359838,1.82068727930411,8.800767744872502,12.8840877493019,0,0,0,76.49445722652248,10.621455024176612
19_1,2.38374630490533,97.61625369508528,0,0,0,0,0,0,99.9999999999906,0
19_2,9.6671275124961,90.33287248750821,0,0,0,0,0,0,100.0000000000043,0
191_1,8.760927022224589,91.2390729777766,0,0,0,0,0,0,100.0000000000012,0
191_2,25.912535857396872,74.08746414260634,0,0,0,0,0,0,100.00000000000321,0
191_3,29.384740565960097,70.61525943404494,0,0,0,0,0,0,100.00000000000504,0
191_4,14.1119884242303,85.8880115757665,0,0,0,0,0,0,99.9999999999968,0
191_5,13.5372461277891,86.4627538722085,0,0,0,0,0,0,99.9999999999976,0
191_6,17.77514176950131,61.21210654046125,0.00472060665847621,11.760241598228,9.24778948515131,0,0,0,78.98724830996255,11.764962204886476
192_1,10.95615585289902,66.6152767258515,0.279502931358523,16.9109932957448,5.23807119414286,0,0,0,77.57143257875052,17.19049622710332
192_2,17.5854364835841,53.238387925742224,0.494903536360847,19.8035727984038,8.87769925590681,0,0,0,70.82382440932632,20.298476334764647
198_1,3.10280676575193,89.1101448036459,2.83803452162157,4.72405873129776,0.224955177680847,0,0,0,92.21295156939783,7.562093252919331
198_10,1.8977725155045149,96.0895197653949,0,0.547842896546018,1.46486482256039,0,0,0,97.98729228089941,0.547842896546018
198_2,2.07742952958492,97.69855262066663,0,0,0.224017849742267,0,0,0,99.77598215025155,0
198_3,4.80960376955334,95.19039623044189,0,0,0,0,0,0,99.99999999999523,0
198_4,11.30904598108375,88.45595852598224,0,0,0.0780328545225421,0,0,0.156962638407412,99.765004507066,0
198_5,9.22037470883202,89.50665350955391,0,0,1.11633964113339,0,0,0.156632140467704,98.72702821838594,0
198_6,5.841390275879392,91.7509553962417,0,0.0278947808864961,2.24831933945158,0,0,0.13144020753717,97.59234567212108,0.0278947808864961
198_7,23.4727315328128,69.73512361533841,0,2.3198404486093587,4.47230440324618,0,0,0,93.20785514815121,2.3198404486093587
198_8,21.153936561024288,68.38449776918465,0,2.6760869224552692,7.7854787473387,0,0,0,89.53843433020893,2.6760869224552692
198_9,5.010085243790088,87.3020966573279,0,0.872116425306582,6.81570167356909,0,0,0,92.31218190111798,0.872116425306582
199_1,10.30589304533197,85.82531521563675,0,0.685065235337035,2.7060076795813,0.477718824108359,0,0,96.13120826096872,0.685065235337035
199_10,47.63045716110819,45.80085255756039,0,2.862923124674821,3.70576715666024,0,0,0,93.43130971866859,2.862923124674821
199_11,15.526656679094991,72.70982349031873,0,2.507856764702566,9.25566306588425,0,0,0,88.23648016941371,2.507856764702566
199_12,5.94865728935928,80.1236420851787,0,3.271940053674951,10.65576057178875,0,0,0,86.07229937453798,3.271940053674951
199_13,9.08079423895521,61.59419234332979,0,3.520426856938612,25.80458656077279,0,0,0,70.674986582285,3.520426856938612
199_14,11.823787524403954,43.921417019439616,0,8.970934091070209,35.28386136508542,0,0,0,55.74520454384357,8.970934091070209
199_15,7.3615855688391285,81.86877634962056,0,2.18873649145306,8.58090159008188,0,0,0,89.23036191845969,2.18873649145306
199_16,6.94144931800268,92.7130663296576,0,0.345484352345003,0,0,0,0,99.65451564766028,0.345484352345003
199_17,15.61291938634806,84.0404225649769,0,0.346658048673027,0,0,0,0,99.65334195132496,0.346658048673027
199_2,7.769238667511846,88.87576896635179,0,0.6716457888768841,1.07867340470174,1.60467317256096,0,0,96.64500763386363,0.6716457888768841
199_3,5.52079696508985,73.95083775700752,0,9.282086690366246,4.12626422056419,7.12001436696671,0,0,79.47163472209736,9.282086690366246
199_4,1.435470403719005,37.31771714846633,0,16.06413467831092,38.82009793965665,6.36257982984669,0,0,38.75318755218533,16.06413467831092
199_5,6.63783866180667,43.94163561939766,0.473442816984761,10.27518863737226,37.9933377270252,0.678556537411398,0,0,50.57947428120433,10.748631454357021
199_6,13.626359288139831,58.53480155337378,0.895948431460746,7.19311076545903,17.33593831369858,2.41384164786754,0,0,72.1611608415136,8.089059196919777
199_7,20.267967695205,65.48628479180294,1.19810756771401,5.50892143450482,6.642544797490425,0.896173713282626,0,0,85.75425248700795,6.70702900221883
199_8,24.49953039752619,50.666296143865665,0.257958911835507,12.07423588466412,12.321172915721238,0.180805746386523,0,0,75.16582654139185,12.332194796499627
199_9,45.50991275696925,32.43344548264202,0,10.146744265908245,11.9098974944841,0,0,0,77.94335823961127,10.146744265908245
2_1,72.9477668263668,20.755516545443182,1.3989970425614,0.659693298522399,4.23802628710077,0,0,0,93.70328337180999,2.058690341083799
2_2,55.585169119662304,26.42995690257573,0,1.556426323526942,13.8527756194908,2.57567203474624,0,0,82.01512602223804,1.556426323526942
2_3,14.057459387771146,22.156693285136626,0.146482339300423,11.151362454773386,46.51614291718346,5.97185961583309,0,0,36.21415267290777,11.297844794073809
2_4,4.80970310041834,29.44486982721754,0.0330252858327179,10.969936810865697,49.594026494877596,5.14843848079157,0,0,34.254572927635884,11.002962096698415
20_1,25.0227324903545,74.97726750964661,0,0,0,0,0,0,100.00000000000111,0
20_2,6.78933967449212,93.21066032550381,0,0,0,0,0,0,99.99999999999594,0
20_3,14.2891634139474,85.71083658605843,0,0,0,0,0,0,100.00000000000583,0
20_4,20.14033293055335,79.85966706945361,0,0,0,0,0,0,100.00000000000696,0
20_5,17.729287686460378,82.27071231353187,0,0,0,0,0,0,99.99999999999226,0
200_1,10.98909933872445,27.257683056740724,0,12.5716046818573,49.1816129226763,0,0,0,38.246782395465175,12.5716046818573
201_1,30.26496595908,35.472156043935,0,0.8365232754236149,33.426354721560784,0,0,0,65.737122003015,0.8365232754236149
201_2,50.768355214210416,35.07548792059585,0,0.245018331826099,13.80221674767156,0.108921785693602,0,0,85.84384313480626,0.245018331826099
201_3,64.6176351964162,30.840424891871663,0,0,4.541939911714834,0,0,0,95.45806008828787,0
202_1,14.95755538805622,36.96360109141727,0,8.24482514976652,36.2340053402583,3.60001303050148,0,0,51.92115647947349,8.24482514976652
203_1,13.104463819087599,21.194897595265378,0,22.2223094504832,43.4783291351607,0,0,0,34.29936141435297,22.2223094504832
203_10,28.41468408725529,60.38423041774088,0,0,11.2010854950063,0,0,0,88.79891450499616,0
203_11,22.818048411125844,70.30948812504536,0,0.402048661289638,5.934684961369779,0.535729841168442,0,0,93.1275365361712,0.402048661289638
203_12,11.69961850228394,71.47398782333391,0,4.232114482467901,11.810444654414434,0.783834537502101,0,0,83.17360632561785,4.232114482467901
203_13,19.512893085979172,59.80820221151926,0,4.426618733987052,15.738082782241662,0.514203186271222,0,0,79.32109529749843,4.426618733987052
203_14,16.35698169742167,65.93543952804114,0,0.581634979408617,14.95191600377769,2.17402779134814,0,0,82.29242122546282,0.581634979408617
203_15,8.02057877813506,76.80290787082319,0.198518104291905,0.635593457290647,12.52744303089622,1.81495875856284,0,0,84.82348664895825,0.834111561582552
203_2,24.99957993124346,32.75494532945345,0,1.31733562149453,40.267230940362,0.660908177450486,0,0,57.75452526069691,1.31733562149453
203_3,22.73685730107886,21.56197787738391,0,7.7954533621739,47.2075758364615,0.698135622902634,0,0,44.29883517846277,7.7954533621739
203_4,32.68701288417882,5.53148648801517,0,9.79412463377958,51.987375994028596,0,0,0,38.21849937219399,9.79412463377958
203_5,58.64545587129697,9.63651457868239,0,1.41153505278392,28.429720542535208,1.87677395469894,0,0,68.28197044997935,1.41153505278392
203_6,73.0558908092881,15.552990023159689,0,0.396091278070057,7.96376463790264,3.03126325158321,0,0,88.6088808324478,0.396091278070057
203_7,68.38853453379474,29.774689737603133,0,0,1.099071726187151,0.737704002412841,0,0,98.16322427139787,0
203_8,54.9159581990203,44.423510547677296,0,0,0.660531253305718,0,0,0,99.3394687466976,0
203_9,46.854539611981295,45.17051160175221,0,0,7.9749487862679604,0,0,0,92.0250512137335,0
204_1,16.46488886492113,5.5997833922039,0,39.04670100035066,38.78751314476785,0.101113597756626,0,0,22.06467225712503,39.04670100035066
206_1,8.047908613368916,82.83278417069313,0,3.7707054828622226,4.98822423737254,0.360377495706462,0,0,90.88069278406205,3.7707054828622226
206_2,1.705932662343999,76.809288891387,0.0244148572544679,7.473609758840355,12.40393123592435,1.58282259424874,0,0,78.515221553731,7.498024616094822
207_1,16.68113145257098,48.6352616311082,0,5.614038670328842,29.069568245994297,0,0,0,65.31639308367917,5.614038670328842
208_1,17.97812458524945,65.83815048241844,0.111529594935664,3.25008392602019,12.822111411373806,0,0,0,83.81627506766789,3.3616135209558538
208_2,45.12522941940166,46.77022248086271,0.481221182684991,1.2274497515555751,6.39587716549536,0,0,0,91.89545190026436,1.7086709342405662
208_3,59.248926463893405,32.07708033888956,0.479855016828404,0.934936123485667,7.25920205690416,0,0,0,91.32600680278296,1.414791140314071
208_4,56.5622520259211,31.086002292382528,0.1592614376386,0.691620973403229,11.5008632706519,0,0,0,87.64825431830363,0.850882411041829
209_1,42.32489260019241,40.80797614290737,0.13894814784715,0,16.72818310905211,0,0,0,83.13286874309978,0.13894814784715
21_1,29.01066309034129,58.07849973032315,0.569502154616484,2.668285095011941,6.54134641476064,0,3.02081809542845,0.110885419516504,87.08916282066444,3.237787249628425
212_1,14.635961824749291,79.85782373374288,0.369289003265899,3.07606199439144,2.06086344385077,0,0,0,94.49378555849216,3.445350997657339
217_1,11.96394303605695,79.93649631350114,0.277749722250278,0,7.82181092818911,0,0,0,91.90043934955808,0.277749722250278
223_2,8.360200784020929,34.89738251978614,0,13.027130556266462,43.7152861399252,0,0,0,43.25758330380707,13.027130556266462
226_1,4.91082540217583,92.68543952210328,0,0.00937563829680369,2.39435943741706,0,0,0,97.59626492427911,0.00937563829680369
227_1,6.58078686470222,86.05912995047179,0,2.203364898203015,5.15671828662604,0,0,0,92.639916815174,2.203364898203015
227_2,10.410094281926739,78.06264212400066,0,2.518276907967282,9.00898668609898,0,0,0,88.4727364059274,2.518276907967282
227_3,5.45499667049587,91.17709480831984,0,0,3.36790852117239,0,0,0,96.63209147881571,0
23_1,28.935749588138382,49.99670510708508,1.31795716639209,14.318711082567741,5.43087705581769,0,0,0,78.93245469522346,15.63666824895983
23_2,42.60219584329233,56.14052856892287,0.180060950631789,0.337501744340459,0.739712892814217,0,0,0,98.7427244122152,0.517562694972248
23_3,70.43322386947175,29.566776130533416,0,0,0,0,0,0,100.00000000000516,0
23_4,50.68946761865284,33.96402641956139,0.208868787156687,4.57349082827506,10.5641463463568,0,0,0,84.65349403821423,4.782359615431747
230_1,52.83697502205748,43.55055739224298,0.478974148762687,0.746308557374419,2.38718487956586,0,0,0,96.38753241430047,1.225282706137106
230_10,0.2618846075141425,6.405214433397823,0,17.36176417637734,45.68511003738253,30.2860267453288,0,0,6.667099040911966,17.36176417637734
230_11,0.348735346140755,18.18027106500957,1.98597804920238,17.8341861074995,23.14444897025423,38.5063804618939,0,0,18.529006411150327,19.820164156701882
230_2,43.20161183319083,42.510093469822024,0,3.607223813564339,10.36998796923054,0.311082914189061,0,0,85.71170530301285,3.607223813564339
230_3,10.3707418201888,67.50545769473469,0.168274246636198,3.390052972732853,18.24687402541141,0.318599240297868,0,0,77.87619951492348,3.558327219369051
230_4,12.570621947815201,58.74073395967608,0.16952658007249,3.443536912152456,25.07558060028145,0,0,0,71.31135590749128,3.613063492224946
230_5,4.64939126549761,45.830671283368076,0,7.06243717189769,40.02915223947216,2.42834803976321,0,0,50.48006254886569,7.06243717189769
230_6,9.32090652739593,26.787222267418787,4.58328224883327e-4,7.115316527201147,53.9777733727355,2.79832297702516,0,0,36.10812879481472,7.11577485542603
230_7,15.35298103209411,25.85842106031979,0.985868174121353,6.352186629542087,51.09098325013062,0.359559853793974,0,0,41.211402092413906,7.338054803663439
230_8,14.159023699259475,14.258269453902074,2.26542141403383,9.6585028548539,59.52451549163131,0.134267086325904,0,0,28.41729315316155,11.92392426888773
230_9,6.421299746692322,14.902023444649585,0.859368976679378,10.668309944924836,61.5068399781454,5.64215790890983,0,0,21.323323191341906,11.527678921604213
232_1,20.10507861101715,35.46352222599384,0,3.227010519172035,41.20438864382001,0,0,0,55.56860083701099,3.227010519172035
232_2,25.495204167976148,44.21912498001977,0.223555857107567,0.721973640528889,29.34014135436942,0,0,0,69.71432914799593,0.945529497636456
232_3,44.602941061641346,40.026704473835515,0.702749311472995,2.2948669182434798,12.3727382348052,0,0,0,84.62964553547687,2.997616229716475
235_1,14.6703377817997,65.07931745104301,0.120023380554532,4.67094990104073,15.45937148556514,0,0,0,79.74965523284271,4.790973281595262
238_1,30.575019202389,67.19201718025847,0,0,2.23296361734956,0,0,0,97.76703638264748,0
239_1,56.14776728734654,26.339039204859308,0,5.21007775796361,12.303115749835,0,0,0,82.48680649220584,5.21007775796361
239_2,35.49296408870747,48.6228751547907,0,2.230102442868406,13.654058313633,0,0,0,84.11583924349816,2.230102442868406
24_1,9.78295894846651,87.73079768846051,0,0.52769796813827,1.95854539493702,0,0,0,97.51375663692703,0.52769796813827
24_2,5.28326767992696,91.74119596274379,0,0.236690392060728,2.73884596527414,0,0,0,97.02446364267075,0.236690392060728
24_3,7.40833331448001,91.87052752319741,0,0.0424199507249852,0.678719211599763,0,0,0,99.27886083767741,0.0424199507249852
24_4,6.399220640687305,93.48657078475817,0,0,0.11420857455136,0,0,0,99.88579142544548,0
24_5,6.376750736255699,92.98879059738454,0,0.156353130245508,0.4781055361293,0,0,0,99.36554133364024,0.156353130245508
24_6,15.60117631212659,83.00700399586685,0,0,1.39181969200377,0,0,0,98.60818030799345,0
24_7,23.720216386725742,72.16305184368218,0.166099040602112,0.8414418781813775,3.10919085081356,0,0,0,95.88326823040792,1.0075409187834894
241_1,1.51660218107195,52.547002854316425,1.35009096237859,28.685720200398325,15.349296658862428,0.551287142971258,0,0,54.06360503538838,30.035811162776916
241_2,6.92519226078997,40.91032155715014,1.48293091141795,23.39394834410709,25.4192594183733,1.86834750816143,0,0,47.83551381794011,24.87687925552504
241_3,11.52031394430732,47.30459628752401,2.01988209117997,13.056003881624072,24.81948090018666,1.27972289517931,0,0,58.824910231831325,15.075885972804041
241_4,14.51081917929043,31.457978919701866,1.43419382712716,11.558384863950202,41.0386232099296,0,0,0,45.968798098992295,12.992578691077362
241_5,18.73234178521497,24.859270019974332,0,11.816694055109858,44.5916941396986,0,0,0,43.5916118051893,11.816694055109858
243_1,15.25958815076787,20.24665115500426,1.69062885146666,7.32740654523226,53.49411234682367,1.98161295070235,0,0,35.50623930577213,9.01803539669892
243_2,7.70781019542512,15.488529393046337,0.759236163758309,25.29897715257448,50.621959566206044,0.123487528987748,0,0,23.196339588471456,26.05821331633279
243_3,1.662426336657885,11.03207799364127,0.556760754483209,53.402906917366735,33.11261919965972,0.233208798189097,0,0,12.694504330299155,53.95966767184994
245_1,11.7695170326751,14.638471576270721,1.21891222369692,19.19476943400401,50.61249223928191,2.56583749406715,0,0,26.40798860894582,20.413681657700927
245_2,18.01104847928599,11.824801076691712,0,14.8019213767238,55.36222906729631,0,0,0,29.835849555977703,14.8019213767238
246_1,0,26.94096435332895,0,33.50965072577033,39.549384920901204,0,0,0,26.94096435332895,33.50965072577033
249_1,32.3716639091525,49.06077027331949,0,0.374888080613218,16.640654480013524,1.55202325690439,0,0,81.432434182472,0.374888080613218
249_2,30.409340423466872,40.119397925811256,0.434863569917699,0.8726262303015171,28.063418718979975,0.100353131519469,0,0,70.52873834927813,1.3074898002192161
249_3,15.6046064399718,13.835550809418082,0.335811623111899,0.94654102834474,65.57908475661756,3.69840534253906,0,0,29.440157249389884,1.282352651456639
249_4,11.756173808581183,7.00995181084733,0,0.656059592553661,74.91968474555598,5.65813004245567,0,0,18.766125619428514,0.656059592553661
249_5,7.861352330930314,11.473996471982929,0,1.259195816293539,76.40312416690848,3.0023312138761,0,0,19.335348802913245,1.259195816293539
25_10,33.93234212437285,63.45477483627638,0.501962674055557,0.211716701190544,1.21876537260689,0.680438291497533,0,0,97.38711696064922,0.7136793752461009
25_6,22.397426443559432,67.8365595613949,0,0,0.346868713422282,9.41914528162762,0,0,90.23398600495435,0
25_7,23.12627767788996,66.5151552469545,0,0.201517651826757,4.45857804666703,5.69847137665667,0,0,89.64143292484447,0.201517651826757
25_8,7.4213039885962715,71.57603119694305,0,0.173190241422203,6.1964880741609,14.6329864988787,0,0,78.99733518553933,0.173190241422203
25_9,13.600918965940057,79.22612807530619,0,0.156134989851226,0.322864854013784,6.69395311489307,0,0,92.82704704124625,0.156134989851226
250_1,0.185885968145751,99.23988533462277,0.0800358019305537,0.161311595158623,0.332881300142148,0,0,0,99.42577130276852,0.24134739708917669
250_2,4.81520966595593,94.8932337414468,0,0.0508463969460872,0.240710195652465,0,0,0,99.70844340740274,0.0508463969460872
250_3,26.0993196697146,66.8773897642175,0.956468313892646,3.3310978230781148,2.57818847151862,0.157535957582318,0,0,92.9767094339321,4.287566136970761
250_4,21.63135988779464,59.11138028861865,3.75787230360796,10.50141394086499,4.99797357911469,0,0,0,80.74274017641329,14.25928624447295
255_1,4.7854693187233,91.88499303130078,0.548099660178211,0.978861250248881,1.80257673954527,0,0,0,96.67046235002408,1.526960910427092
255_2,5.2890039315279,93.33129838098547,0,0.317452565260922,1.06224512221924,0,0,0,98.62030231251337,0.317452565260922
255_3,32.620939052848605,66.39971676162921,0,0,0.979344185525659,0,0,0,99.0206558144778,0
255_4,45.87365809623653,52.02371751992045,0,0.155865410218276,1.94675897362628,0,0,0,97.89737561615698,0.155865410218276
257_1,7.66799370407023,87.0421633319378,1.78898819922154,2.77065311507131,0.730201649701855,0,0,0,94.71015703600803,4.5596413142928505
257_10,14.1068064277282,85.03327440467866,0,0,0.859919167598245,0,0,0,99.14008083240687,0
257_11,11.49908469884348,83.5897664865901,0,4.05177032638297,0.859378488190384,0,0,0,95.08885118543357,4.05177032638297
257_2,3.8923260659770067,87.81951802092031,3.41667373459289,4.61932913536724,0.252153043143386,0,0,0,91.71184408689732,8.036002869960129
257_3,2.484990521520002,85.37113112877397,5.25999086084509,6.88388748885886,0,0,0,0,87.85612165029397,12.14387834970395
257_4,0.90929909878356,91.77443544874255,3.86598053875412,3.45028491371763,0,0,0,0,92.68373454752611,7.31626545247175
257_5,5.72564504787145,87.33513189448902,0.664205477723085,2.61940823281223,3.65560934710876,0,0,0,93.06077694236048,3.283613710535315
257_6,17.527789156230067,69.3769581323786,0.92639821952959,0.349575810068274,11.81927868179129,0,0,0,86.90474728860868,1.2759740295978639
257_7,25.008314157582014,67.41824411710726,0.268740447116919,0,7.3047012781966405,0,0,0,92.42655827468928,0.268740447116919
257_8,14.8673591984947,84.70754588227881,0,0.145427209207108,0.27966771001367,0,0,0,99.5749050807735,0.145427209207108
257_9,21.1569340407535,78.69739871925215,0,0.145667239997983,0,0,0,0,99.85433276000565,0.145667239997983
27_1,26.794833110290813,71.29338084390179,0,0.310953152028451,1.6008328937761,0,0,0,98.0882139541926,0.310953152028451
28_1,19.454693034238655,77.96064988729906,2.58465707845874,0,0,0,0,0,97.41534292153771,2.58465707845874
28_2,30.28066403112314,63.68589624766449,4.89283134431812,0.940190239951287,0.200418136942657,0,0,0,93.96656027878763,5.833021584269407
3_1,24.5908748434373,75.4091251565626,0,0,0,0,0,0,99.9999999999999,0
31_1,22.755286747832532,76.19800146311862,0,0.170659530822818,0.876052258223797,0,0,0,98.95328821095114,0.170659530822818
31_2,15.0809654542856,84.91903454570816,0,0,0,0,0,0,99.99999999999376,0
31_3,5.82219493344196,91.6702889874366,0,0,2.30016422448477,0.207351854647144,0,0,97.49248392087857,0
31_4,2.683252146322218,94.65596794407418,0,0,2.66077990959677,0,0,0,97.3392200903964,0
31_5,2.2980422193596297,97.58590676460672,0,0,0.116051016026645,0,0,0,99.88394898396635,0
32_1,18.20410253348545,78.51416919448322,1.44665627217345,1.49063003028793,0.344441969565107,0,0,0,96.71827172796867,2.93728630246138
34_1,21.92133819084743,51.04286573989842,2.84707203762156,0.985086925017054,23.1095162545493,0.0941208520672534,0,0,72.96420393074584,3.832158962638614
34_10,1.997223840964782,27.439457474545723,0,3.75150580342513,53.92627407467909,12.885538806386007,0,0,29.436681315510505,3.75150580342513
34_11,3.955257659778957,27.70497615272906,0.353082307086842,6.1205764372468074,60.000802713168454,1.8653047299873569,0,0,31.660233812508018,6.473658744333649
34_12,6.065031532500713,26.708814050218596,0.434554314272623,8.274591950377445,58.48858040760106,0.028427745033227,0,0,32.77384558271931,8.709146264650068
34_13,6.1807409982097505,25.544797560679058,0.179473211033091,10.754355651066572,56.35514528863307,0.98548729037785,0,0,31.725538558888807,10.933828862099663
34_14,9.5774798533329,25.38240507697105,0.545934846575595,7.778011749854841,55.70228947248328,1.01387900078325,0,0,34.95988493030395,8.323946596430435
34_15,20.190316210630577,23.736374146509302,0.112135405745145,12.953994207084879,43.007180030032856,0,0,0,43.926690357139876,13.066129612830023
34_16,23.43008914563442,36.736866208997384,0.113359148990197,7.73630848198498,31.98337701439117,0,0,0,60.1669553546318,7.849667630975177
34_17,14.061644597752046,48.44074774674422,0.244798041615667,1.4844775787248248,35.0904640035596,0.677868031601201,0,0,62.50239234449627,1.7292756203404918
34_18,32.04965985713328,36.48848811419693,0.634324994741779,0,30.2933586173061,0.534168416624656,0,0,68.5381479713302,0.634324994741779
34_19,31.383004179117478,55.5240591420276,0.311625292844304,1.13943562433571,11.085402024451561,0.556473737221971,0,0,86.90706332114507,1.451060917180014
34_2,9.56541123755806,58.15575643412242,6.67610374845345,0.9038420812109187,24.6988864986578,0,0,0,67.72116767168048,7.579945829664369
34_20,7.32470770502427,72.775520620431,0.316177682824099,1.046773971349783,12.81095510502742,5.72586491534341,0,0,80.10022832545526,1.362951654173882
34_21,5.10667208393636,71.23664850090555,4.08757620833657,0.123119765311342,10.6388908476125,8.80709259389846,0,0,76.3433205848419,4.210695973647912
34_22,10.233597490968993,46.367225784772,23.6156926437236,1.00092408501582,11.0831956539999,7.6993643415193596,0,0,56.60082327574099,24.616616728739423
34_23,20.11889196169508,41.612186593278,13.3095237299038,0,9.04753783508728,15.9118598800383,0,0,61.73107855497308,13.3095237299038
34_24,21.02344599048624,35.343917582711356,1.40301804771152,2.8636043756347003,3.26201696092929,36.1039970425271,0,0,56.36736357319759,4.26662242334622
34_25,18.778099235293,29.58246743544833,0.658535149794674,3.633375439740306,6.95898926513011,40.3885334745949,0,0,48.36056667074133,4.29191058953498
34_26,36.7926807947678,43.37649119564043,1.44205981820024,0.162468360984877,1.3713487769217,16.8549510534835,0,0,80.16917199040823,1.604528179185117
34_27,24.299797094282724,59.8352476852922,3.20138893529068,0.122500707163173,5.03633816431574,7.50472741365362,0,0,84.13504477957493,3.323889642453853
34_28,5.196034751615102,61.67108487413182,18.0408777010472,0.736912452662062,12.5535754065495,1.80151481398975,0,0,66.86711962574692,18.77779015370926
34_29,3.24977151356582,62.58176230242801,10.0615793340742,5.02490950145158,16.098213325687,2.98376402279487,0,0,65.83153381599384,15.08648883552578
34_3,8.95956398653615,36.958494014846536,4.6908227636477,2.702012884242433,44.394574351883854,2.29453199884087,0,0,45.91805800138269,7.3928356478901325
34_4,5.4914424502132,25.593471562252574,2.94060328805018,5.177515287105819,41.79964119427984,18.9973262180967,0,0,31.084914012465774,8.118118575155998
34_5,8.34080157657955,39.11553706700977,1.59140460935514,5.0059523013335605,29.860265824872208,16.0860386208496,0,0,47.45633864358932,6.597356910688701
34_6,9.18283738906608,53.12844534765951,0,0.7358621604538469,34.2518697542913,2.70098534852843,0,0,62.31128273672559,0.7358621604538469
34_7,11.108136776274698,22.54910162075236,1.62387528316597,2.16282475553756,44.526573265113534,18.0294882991521,0,0,33.65723839702706,3.78670003870353
34_8,19.6580777679262,8.790551468786328,2.1665322562679,4.82329116856847,24.970147524695445,39.5913998137532,0,0,28.448629236712527,6.98982342483637
34_9,10.36164457364784,14.801162829852071,0,6.84644135902937,34.04824172493832,33.9425095125316,0,0,25.16280740349991,6.84644135902937
35_1,40.153904906018234,51.82726161559463,0,0.133840763012064,7.88499271537531,0,0,0,91.98116652161286,0.133840763012064
43_1,40.2820573727783,57.2536765484886,0.144976508229647,1.706261981472,0.613027589029517,0,0,0,97.5357339212669,1.851238489701647
44_1,1.185602925217466,98.297763739912,0.516633334876646,0,0,0,0,0,99.48336666512947,0.516633334876646
44_2,5.73260005716233,94.12910393406445,0.138296008777187,0,0,0,0,0,99.86170399122678,0.138296008777187
5_1,2.33510176869857,97.66489823129838,0,0,0,0,0,0,99.99999999999694,0
50_1,1.68129008324387,87.38414150895385,3.51973739678829,7.41483101101112,0,0,0,0,89.06543159219771,10.93456840779941
51_1,16.96949708499801,80.5064486781259,0.998403675920412,1.18910999604004,0.336540564916992,0,0,0,97.47594576312392,2.1875136719604518
51_2,29.72792649179339,64.34621309141309,3.60857864428942,1.98144383446324,0.335837938044617,0,0,0,94.07413958320649,5.59002247875266
51_3,23.8133668134972,71.26149709839251,3.84407444915651,0.564022385551675,0.517039253395318,0,0,0,95.07486391188971,4.408096834708186
51_4,12.356344886851991,85.87808650816324,0.477914637639645,0.595817817244343,0.691836150100258,0,0,0,98.23443139501522,1.073732454883988
52_1,58.95653374465422,14.817727813356115,1.21756213708806,8.626595794040913,16.3815805108578,0,0,0,73.77426155801034,9.844157931128972
52_2,52.695658995519736,13.290634928639983,2.56963706356012,7.80204078201965,23.6420282302566,0,0,0,65.98629392415972,10.37167784557977
52_3,45.42555110416302,15.608653142445519,3.37573200028954,4.830828514606697,30.6328549648491,0.12638027364776,0,0,61.03420424660854,8.206560514896237
53_1,3.535734511016138,23.89687366397069,0.469163049828429,4.177028469870356,62.474790320377615,5.446409984935711,0,0,27.43260817498683,4.646191519698785
53_2,3.1634642160957887,19.54274575327218,1.30893901420217,7.258702311333911,60.41748816485355,8.308660540239597,0,0,22.70620996936797,8.567641325536082
53_3,5.794599800595521,37.53891439849737,0.980066332517178,12.010729861162936,37.65218158018017,6.02350802704851,0,0,43.33351419909289,12.990796193680113
54_1,28.48046109053458,22.16395084643618,0.141473531716951,12.676877283029144,36.53723724828327,0,0,0,50.644411936970755,12.818350814746095
55_1,1.44993301352695,10.717715641221499,2.8391220210227,24.2619483219773,24.241180114381418,36.49010088786906,0,0,12.167648654748449,27.101070343
55_2,8.273083438218636,12.95648758883723,1.29174513348033,12.8927283739155,40.36786346301292,24.21809200253551,0,0,21.22957102705587,14.184473507395829
6_1,15.0159101838659,84.98408981613666,0,0,0,0,0,0,100.00000000000256,0
6_2,10.8990230535668,89.10097694643824,0,0,0,0,0,0,100.00000000000503,0
6_3,15.8070090923485,84.19299090765558,0,0,0,0,0,0,100.00000000000408,0
6_4,19.5309040652301,80.46909593476906,0,0,0,0,0,0,99.99999999999916,0
6_5,18.0422942292447,81.95770577076411,0,0,0,0,0,0,100.00000000000881,0
6_6,4.69802018205913,95.30197981794925,0,0,0,0,0,0,100.00000000000837,0
6_7,6.90480466995964,91.5093174674454,0,1.5288504714863,0.0570273911091154,0,0,0,98.41412213740504,1.5288504714863
61_1,24.051177708706135,45.938437322056544,3.76385619658662,0,24.8683139960132,1.37821477663854,0,0,69.98961503076268,3.76385619658662
61_2,14.989581900820799,57.46954020530948,2.229461667982168,0,24.4483838945308,0.863032331354492,0,0,72.45912210613028,2.229461667982168
61_3,14.675104041958903,62.86266461433113,1.441308933356137,0,21.0209224103526,0,0,0,77.53776865629004,1.441308933356137
61_4,13.730724088642923,55.351237028342325,2.952947602059194,0,27.9650912809544,0,0,0,69.08196111698524,2.952947602059194
61_5,23.77341946183155,43.7187115036827,3.292008492123814,0,29.2158605423619,0,0,0,67.49213096551425,3.292008492123814
61_6,38.37852253942418,24.65507450298777,5.0321991773748245,0,31.9342037802134,0,0,0,63.033597042411955,5.0321991773748245
61_7,20.34112877416327,31.44960243369801,1.25676535853005,0,46.9525034336065,0,0,0,51.790731207861285,1.25676535853005
65_1,19.761478444748775,51.7637377327721,2.17896292661134,24.380981702313328,1.91483919355455,0,0,0,71.52521617752087,26.55994462892467
65_2,11.89423252028489,70.34827906391544,1.74443048020738,14.646336336268702,1.36672159932732,0,0,0,82.24251158420033,16.39076681647608
65_3,13.48285357145285,80.88702275344025,0.347843259583082,4.7623108462016734,0.519969569325162,0,0,0,94.3698763248931,5.110154105784756
65_4,21.98493590005199,73.34183569382596,0,4.499411868253839,0.17381653786834,0,0,0,95.32677159387795,4.499411868253839
66_1,21.28623249139989,74.09453693707879,0.223502144503077,3.342809824260267,1.05291860275399,0,0,0,95.38076942847867,3.566311968763344
66_2,20.896904813994468,73.75750254444638,0,0.772845307283295,4.45384805623463,0.118899278043584,0,0,94.65440735844085,0.772845307283295
66_3,50.80702433621878,45.280137218335646,0,1.818323014571571,2.09451543087256,0,0,0,96.08716155455443,1.818323014571571
66_4,45.38324165849785,53.690139055295674,0,0.926619286207021,0,0,0,0,99.07338071379353,0.926619286207021
66_5,34.67678938441491,64.99153072556803,0,0.331679890019523,0,0,0,0,99.66832010998294,0.331679890019523
66_6,41.16753552561942,54.299589746007726,0,3.052056374306015,0,1.4808183540704,0,0,95.46712527162714,3.052056374306015
66_7,19.385529137871373,75.58431559458256,0.00905116313174827,2.922379974702575,0.586377884915033,1.51234624479845,0,0,94.96984473245394,2.9314311378343234
67_1,14.57834175524891,77.44167351519393,0.29868183097344,1.5282777920416524,2.84801646786312,0,3.10510259339694,0.199906045279896,92.02001527044284,1.8269596230150924
67_2,12.624615243258317,83.01512582819885,0.114740707291301,1.03356277739742,1.26853471410627,0,1.94342072974641,0,95.63974107145717,1.148303484688721
67_3,17.536096853318206,79.21655651286689,0,3.068386326090282,0.178960307722249,0,0,0,96.75265336618509,3.068386326090282
67_4,26.593044076132042,65.46987031689123,0.614765801104787,6.242168454787831,1.08015135108502,0,0,0,92.06291439302328,6.856934255892618
67_5,25.131364377604175,46.486100765258755,1.76908502390171,21.83791570757836,4.77553412565793,0,0,0,71.61746514286293,23.60700073148007
67_6,30.12560613883113,37.386744414410856,2.27232463732904,26.84777436956505,3.36755043986191,0,0,0,67.51235055324199,29.12009900689409
67_7,35.41605170626507,51.198080615109,0.45387029511015,11.96498444986523,0.967012933650396,0,0,0,86.61413232137407,12.41885474497538
68_1,7.65368906183942,25.995744913476152,0.422831094039197,0.457416223103089,20.763684275704,28.0536716577103,0,0,33.649433975315574,0.880247317142286
68_10,25.659999151772,45.70383912248539,0.59152709975379,0.944769226304875,26.5974021915515,0.502463208130484,0,0,71.36383827425739,1.536296326058665
68_11,37.0169875778477,49.38636754129763,0,1.23842187119966,12.3582230096553,0,0,0,86.40335511914533,1.23842187119966
68_12,39.436580404138,40.38461967893315,0,3.5941976557493,16.5846022611818,0,0,0,79.82120008307115,3.5941976557493
68_13,31.84041888089919,38.37996248827649,0.179297101772875,2.537958290537217,26.7944223641306,0.267940874380387,0,0,70.22038136917568,2.717255392310092
68_14,49.47691215807125,28.51869334609922,0.940721174930617,1.438979780632302,19.3568725652002,0.267820975069215,0,0,77.99560550417047,2.379700955562919
68_15,74.77209319157755,14.378174325383451,1.46769609711358,0.5460037568858336,8.83603262903964,0,0,0,89.15026751696101,2.0136998539994133
68_16,70.67262308974433,21.543693842846846,0.179590645572249,3.940555496315577,3.66353692552038,0,0,0,92.21631693259118,4.120146141887826
68_17,38.72552850829893,59.734110138744924,0.0359521858259066,1.50440916713747,0,0,0,0,98.45963864704385,1.5403613529633766
68_18,27.54164986368489,72.3460182269781,0,0.112331909339163,0,0,0,0,99.887668090663,0.112331909339163
68_19,44.88974147634612,54.53847269652618,0,0.5717858271328959,0,0,0,0,99.42821417287229,0.5717858271328959
68_2,8.490086482702454,28.77160674114781,0.368649518760214,0.594721857449574,33.89446390311428,27.8804714968268,0,0,37.261693223850266,0.963371376209788
68_20,23.85355529370976,74.46219655890437,0.189868822980829,1.49437932440206,0,0,0,0,98.31575185261413,1.684248147382889
68_21,11.1265569146872,88.51642932689009,0,0.357013758417715,0,0,0,0,99.64298624157729,0.357013758417715
68_22,10.039766201965067,89.64772926392517,0,0.312504534105964,0,0,0,0,99.68749546589024,0.312504534105964
68_23,4.75869511118652,94.37477890475313,0,0,0.866525984062171,0,0,0,99.13347401593965,0
68_24,12.844844813553799,85.69265927528889,0,0,1.4624959111517,0,0,0,98.5375040888427,0
68_25,24.31581191287044,74.11028483608541,0,0.122769364356036,1.45113388668834,0,0,0,98.42609674895586,0.122769364356036
68_26,21.951573455261002,77.92563552723493,0,0.122791017502185,0,0,0,0,99.87720898249593,0.122791017502185
68_27,25.12320163554589,71.830236181105107,0,0.8481272012248741,2.19843498212237,0,0,0,96.95343781665099,0.8481272012248741
68_28,16.901094118763513,77.38750550964838,0.370694801680513,1.325105589992803,4.01559997991419,0,0,0,94.28859962841189,1.695800391673316
68_29,9.37300160373917,87.32499210406418,0.546856079756169,1.34894886449242,1.40620134794444,0,0,0,96.69799370780335,1.895804944248589
68_3,18.315867403881263,14.968741951345246,0.28989094525632497,6.20868357176865,58.72053286415362,1.49628326359226,0,0,33.28460935522651,6.498574517024975
68_30,9.50244871094052,83.70474904896007,0,6.7928022400964,0,0,0,0,93.2071977599006,6.7928022400964
68_31,15.59982367153802,75.22294948412765,0,8.92545658469625,0.25177025963808,0,0,0,90.82277315566567,8.92545658469625
68_32,10.935215995036689,84.76039358252442,0,3.96963549651963,0.334754925918735,0,0,0,95.6956095775611,3.96963549651963
68_33,4.27395438407796,95.72604561592402,0,0,0,0,0,0,100.00000000000199,0
68_34,4.28608411928281,95.71391588071047,0,0,0,0,0,0,99.99999999999328,0
68_35,7.29770114294407,78.6283542619358,1.00367072833791,10.80355682862593,2.266717038156406,0,0,0,85.92605540487986,11.80722755696384
68_36,8.90532639943158,82.32679261002731,0.840154553686688,6.237058801908202,1.69066763494767,0,0,0,91.2321190094589,7.07721335559489
68_37,10.6626518769772,89.3373481230189,0,0,0,0,0,0,99.9999999999961,0
68_38,16.96176966045081,83.03823033955655,0,0,0,0,0,0,100.00000000000736,0
68_39,17.99483369925207,82.00516630075329,0,0,0,0,0,0,100.00000000000536,0
68_4,23.64123374270039,22.924646864068322,0.289935556246941,9.669239287159954,39.31269661254727,4.16224793727577,0,0,46.565880606768715,9.959174843406895
68_40,8.27077131424226,91.7292286857562,0,0,0,0,0,0,99.99999999999847,0
68_41,4.534039261893312,95.46596073810882,0,0,0,0,0,0,100.00000000000213,0
68_42,12.273371413493152,87.6983570715873,0,0,0,0,0,0.028271514917347,99.97172848508045,0
68_5,12.279589597756068,22.4958956427404,0,8.46038890668401,52.60876407228034,4.15536178053769,0,0,34.775485240496465,8.46038890668401
68_6,23.036136361357695,42.86293769104982,0,6.295084086383128,27.80584186121273,0,0,0,65.89907405240751,6.295084086383128
68_7,20.672732963691892,44.65055446252789,0,5.86690663566451,28.8098059381134,0,0,0,65.32328742621979,5.86690663566451
68_8,8.95685417804486,22.612509642075217,0,9.013608697855483,59.2825733219938,0.134454160027476,0,0,31.569363820120078,9.013608697855483
68_9,15.39764938895227,30.00169214922227,0.601905428164859,5.7612570510949155,46.4014572925379,1.83603869002665,0,0,45.39934153817454,6.363162479259774
70_1,8.1132820740701,36.92047183658102,0.415191055213678,13.7522498866638,27.11983087136286,13.6789742761085,0,0,45.03375391065112,14.167440941877476
70_2,7.47791288838696,23.18950663341589,0.182388119228951,18.8831080369534,33.6583382067272,16.6087461152905,0,0,30.66741952180285,19.06549615618235
70_3,4.7495425044612904,24.13155412086985,0,15.144977778788126,41.469214244306706,14.5047113515726,0,0,28.88109662533114,15.144977778788126
72_1,72.61621019543938,16.75862166613961,2.96159600526717,0.566360989055074,7.09721114409635,0,0,0,89.374831861579,3.5279569943222437
72_2,50.3387541789406,28.787213314674155,1.44169106086128,1.7504246108415322,17.6819168346806,0,0,0,79.12596749361475,3.1921156717028123
72_3,38.78355508704027,33.0666970568968,0.193737713325166,3.337758910510264,24.6182512322293,0,0,0,71.85025214393707,3.53149662383543
73_1,3.828554124643557,13.761709692162412,0.182252018090616,7.226853292733227,51.3244113960767,23.676219476291,0,0,17.59026381680597,7.409105310823843
73_2,6.448197970398807,46.39560365463144,0.494476473034176,4.7355112774350046,31.56209613072277,10.3641144937797,0,0,52.843801625030245,5.2299877504691805
73_3,12.284771556513181,75.85098144844311,0.29179713365431,3.112353119423579,8.2356374083925,0.224459333580239,0,0,88.13575300495629,3.4041502530778893
74_1,5.294016189994304,80.35372636007418,0,1.516883900127822,12.835373549794,0,0,0,85.64774255006849,1.516883900127822
75_1,28.32390759967265,62.49705973382863,0,0.137981486170901,9.04105118032687,0,0,0,90.82096733350127,0.137981486170901
75_2,54.8586906502986,29.99810919296782,0,3.724662046718875,11.41853811001296,0,0,0,84.85679984326642,3.724662046718875
75_3,44.08898367174692,29.687524656944625,0.349424126496043,9.754907154628153,16.109579406069216,0.00958098411360116,0,0,73.77650832869153,10.104331281124196
77_1,16.23699982619692,83.76300017380503,0,0,0,0,0,0,100.00000000000195,0
77_10,11.792480326435461,82.29513709839665,0.515660381588683,1.165056162141563,2.28482389076967,0,0,1.94684214066318,94.08761742483212,1.680716543730246
77_11,9.917593746408691,82.47937590276518,0.225338401945121,1.23271372784079,0,0,0,6.14497822104346,92.39696964917388,1.458052129785911
77_12,16.22579911272912,73.03594585371607,0.477761346831988,4.697986577181189,0,0,0,5.56250710954381,89.26174496644519,5.175747924013177
77_13,7.43921193824786,87.2996082218638,0.210777299842419,3.53994341354396,0,0,0,1.5104591264898,94.73882016011167,3.750720713386379
77_2,37.1395959390831,62.86040406091752,0,0,0,0,0,0,100.00000000000063,0
77_3,20.62564173844366,74.32620265707688,0.597573387975446,3.87553973285746,0.575042483645477,0,0,0,94.95184439552054,4.473113120832906
77_4,5.611701355465045,91.22610515407656,0.179120611600851,1.06768838373799,1.91538449512332,0,0,0,96.83780650954161,1.246808995338841
77_5,11.94324825196746,79.00637438785355,1.56673858742849,0.347144507014513,7.13649426573682,0,0,0,90.94962263982102,1.913883094443003
77_6,33.870760742318375,60.56855631158391,0.503091872298587,0.179229269501227,4.87836180430083,0,0,0,94.43931705390229,0.682321141799814
77_7,62.853040055409,34.107861853032865,0,0,3.03909809155362,0,0,0,96.96090190844185,0
77_8,51.224838704251496,38.12667111362635,0.0602021311778653,0.7068425271442099,6.605306083554239,3.27613944024349,0,0,89.35150981787785,0.7670446583220752
77_9,20.60848026887042,64.17749379090512,0.706726465447806,1.7036594969453738,9.253405187596703,3.55023479023687,0,0,84.78597405977554,2.41038596239318
8_1,9.015617049590917,85.66317943671022,1.77809587179817,3.27952449914169,0.263583142756496,0,0,0,94.67879648630114,5.05762037093986
82_1,2.83435966784759,95.61719771561829,0.0284989438626686,0.648211272170503,0.871732400505159,0,0,0,98.45155738346588,0.6767102160331716
82_2,2.47729419008158,97.30884516376739,0,0.213860646151803,0,0,0,0,99.78613935384897,0.213860646151803
87_1,25.804201082866598,48.89620356243428,0.450736893632498,5.316659537528642,19.5321989235384,0,0,0,74.70040464530088,5.767396431161139
87_2,4.987276921827307,63.126591900144106,0.480797789736434,3.535427620293403,27.8699057679969,0,0,0,68.11386882197141,4.016225410029837
87_3,12.563838883368732,52.52409123472033,1.41231252744205,4.119427818732237,29.1030203591158,0.277309176622836,0,0,65.08793011808906,5.531740346174287
87_4,19.30754364928367,38.135109003932925,0.2414262080795,6.8485717340495285,32.71497566768683,2.75237373696731,0,0,57.4426526532166,7.0899979421290285
87_5,9.229922030285003,21.99128837922712,0,1.314660622576002,60.375242547501706,7.08888642041246,0,0,31.221210409512125,1.314660622576002
89_1,71.2729469317487,9.995172077676889,2.76175461798778,6.14519003937845,9.82493633320457,0,0,0,81.26811900942559,8.90694465736623
9_1,26.4759153437225,73.52408465627319,0,0,0,0,0,0,99.9999999999957,0
90_1,30.53959804096451,63.041071406268344,0,0.283885414762269,6.1354451380081,0,0,0,93.58066944723285,0.283885414762269
90_2,31.18610385644437,59.29322831917991,0,0.535781840391251,8.98488598398337,0,0,0,90.47933217562428,0.535781840391251
92_1,10.44883499661459,12.540141279456746,8.50733000119344,7.118070853889685,59.824700146457,1.56092272239022,0,0,22.988976276071334,15.625400855083125
92_2,29.30813988523629,15.367490006762495,12.6247341274356,2.222728114754287,40.4769078658097,0,0,0,44.67562989199878,14.847462242189888
92_3,38.93749582786265,30.585656749960048,6.22749827551682,1.654613827017646,22.5947353196402,0,0,0,69.5231525778227,7.882112102534466
92_4,12.69189003382735,51.16911322390996,3.4743605339607,0.7467458910003222,31.0413483612542,0.876541956047906,0,0,63.86100325773731,4.221106424961022
92_5,22.371430314373452,43.29973561507818,0.977430022018649,0.345300290397544,31.9932229062999,1.0128808518328,0,0,65.67116592945163,1.322730312416193
93_10,41.001016694481635,16.50756447687491,1.10216879827612,0,41.3892500303634,0,0,0,57.508581171356546,1.10216879827612
93_11,32.43853455910768,18.43220459109786,0,0,49.1292608497971,0,0,0,50.87073915020554,0
93_12,27.75798449845432,16.768226798238317,0.658705954817394,0.10400620339222,54.7110765451012,0,0,0,44.52621129669264,0.762712158209614
93_13,21.89230769230715,26.04907355418285,2.27793374508704,0.235822571588995,49.5448624368313,0,0,0,47.941381246489996,2.513756316676035
93_14,5.69607895143753,31.075729137157445,12.050951848336421,0.135438193344793,51.0418018697186,0,0,0,36.77180808859497,12.186390041681214
93_15,12.78555195405856,34.25524686824865,5.006990592131718,0,47.8513038827811,0.100906702783792,0,0,47.04079882230721,5.006990592131718
93_16,27.75557861073137,35.91094767045623,2.62988795412706,0.159788348918404,33.4410763343165,0.102721081447545,0,0,63.6665262811876,2.7896763030454643
93_7,9.91549647771838,28.235935976365294,9.338788388631519,0,52.5097791572869,0,0,0,38.151432454083675,9.338788388631519
93_8,28.77646433639186,26.659543555563175,11.83363578289212,0,32.7303563251531,0,0,0,55.436007891955036,11.83363578289212
93_9,38.64075627195601,11.6757932764137,6.4113454223141,0,43.2721050293148,0,0,0,50.31654954836971,6.4113454223141
95_1,3.419065174980167,86.015263642072,4.94320845076017,5.31854582774687,0.303916904442681,0,0,0,89.43432881705216,10.26175427850704
95_2,11.229930337728664,77.36480653977455,2.47169900158966,4.80393893396772,4.12962518693571,0,0,0,88.59473687750321,7.27563793555738
95_3,16.09368863955108,69.39736325385415,0.931276297335204,3.7971388499299,9.780532959326669,0,0,0,85.49105189340523,4.728415147265104
96_1,46.5795112080497,47.98858494878033,0,0,5.43190384316559,0,0,0,94.56809615683002,0
97_1,8.13154967806448,83.2498307840453,0.113377527893706,0.709629947086708,7.795612062915522,0,0,0,91.38138046210977,0.823007474980414
97_2,37.148092973806996,54.206691845021446,0.111672201885473,0.712580320231207,7.82096265904915,0,0,0,91.35478481882845,0.82425252211668
98_1,31.78603303598375,67.55759769295204,0,0,0.656369271064587,0,0,0,99.34363072893579,0
98_2,38.0819783311766,60.44907041527345,0,0.291458582053998,1.17749267149815,0,0,0,98.53104874645004,0.291458582053998
